<?xml version="1.0" encoding="UTF-8"?>
<doublecmd DCVersion="0.8.2 beta" ConfigVersion="10">
  <Configuration Save="True" SortOrder="0">
    <UseConfigInProgramDir>False</UseConfigInProgramDir>
  </Configuration>
  <Colors>
    <FileFilters>
      <Filter>
        <Name>Pascal sources</Name>
        <FileMasks>*.pas;*.pp</FileMasks>
        <Color>32768</Color>
        <Attributes/>
      </Filter>
      <Filter>
        <Name>Pascal binaries</Name>
        <FileMasks>*.ppu;*.o;*.dcu</FileMasks>
        <Color>16711680</Color>
        <Attributes/>
      </Filter>
      <Filter>
        <Name>Specified Executables</Name>
        <FileMasks>*</FileMasks>
        <Color>55758</Color>
        <Attributes>-rwxrwxr*x</Attributes>
      </Filter>
      <Filter>
        <Name>Executables</Name>
        <FileMasks>*</FileMasks>
        <Color>32768</Color>
        <Attributes>-*x*</Attributes>
      </Filter>
    </FileFilters>
    <UseCursorBorder>False</UseCursorBorder>
    <CursorBorderColor>-2147483635</CursorBorderColor>
    <UseFrameCursor>False</UseFrameCursor>
    <Foreground>-2147483640</Foreground>
    <Background>-2147483643</Background>
    <Background2>-2147483643</Background2>
    <Cursor>-2147483635</Cursor>
    <CursorText>-2147483634</CursorText>
    <Mark>255</Mark>
    <InactiveCursor>-2147483645</InactiveCursor>
    <InactiveMark>128</InactiveMark>
    <UseInvertedSelection>False</UseInvertedSelection>
    <UseInactiveSelColor>False</UseInactiveSelColor>
    <AllowOverColor>True</AllowOverColor>
    <gBorderFrameWidth>1</gBorderFrameWidth>
    <InactivePanelBrightness>100</InactivePanelBrightness>
    <FreeSpaceIndicator>
      <UseGradient>True</UseGradient>
      <ForeColor>0</ForeColor>
      <BackColor>16777215</BackColor>
    </FreeSpaceIndicator>
  </Colors>
  <Plugins>
    <WlxPlugins>
      <WlxPlugin Enabled="True">
        <Name>wlxMplayer</Name>
        <Path>%COMMANDER_PATH%/plugins/wlx/wlxmplayer/wlxmplayer.wlx</Path>
        <DetectString>(EXT="MPG")|(EXT="AVI")|(EXT="MPEG")|(EXT="FLV")</DetectString>
      </WlxPlugin>
    </WlxPlugins>
    <DsxPlugins/>
    <WcxPlugins>
      <WcxPlugin Enabled="True">
        <ArchiveExt>zip</ArchiveExt>
        <Path>%commander_path%/plugins/wcx/zip/zip.wcx</Path>
        <Flags>735</Flags>
      </WcxPlugin>
      <WcxPlugin Enabled="True">
        <ArchiveExt>jar</ArchiveExt>
        <Path>%commander_path%/plugins/wcx/zip/zip.wcx</Path>
        <Flags>990</Flags>
      </WcxPlugin>
      <WcxPlugin Enabled="True">
        <ArchiveExt>tar</ArchiveExt>
        <Path>%commander_path%/plugins/wcx/zip/zip.wcx</Path>
        <Flags>223</Flags>
      </WcxPlugin>
      <WcxPlugin Enabled="True">
        <ArchiveExt>bz2</ArchiveExt>
        <Path>%commander_path%/plugins/wcx/zip/zip.wcx</Path>
        <Flags>91</Flags>
      </WcxPlugin>
      <WcxPlugin Enabled="True">
        <ArchiveExt>tbz</ArchiveExt>
        <Path>%commander_path%/plugins/wcx/zip/zip.wcx</Path>
        <Flags>95</Flags>
      </WcxPlugin>
      <WcxPlugin Enabled="True">
        <ArchiveExt>gz</ArchiveExt>
        <Path>%commander_path%/plugins/wcx/zip/zip.wcx</Path>
        <Flags>91</Flags>
      </WcxPlugin>
      <WcxPlugin Enabled="True">
        <ArchiveExt>tgz</ArchiveExt>
        <Path>%commander_path%/plugins/wcx/zip/zip.wcx</Path>
        <Flags>95</Flags>
      </WcxPlugin>
      <WcxPlugin Enabled="True">
        <ArchiveExt>lzma</ArchiveExt>
        <Path>%commander_path%/plugins/wcx/zip/zip.wcx</Path>
        <Flags>1</Flags>
      </WcxPlugin>
      <WcxPlugin Enabled="True">
        <ArchiveExt>tlz</ArchiveExt>
        <Path>%commander_path%/plugins/wcx/zip/zip.wcx</Path>
        <Flags>95</Flags>
      </WcxPlugin>
      <WcxPlugin Enabled="True">
        <ArchiveExt>xz</ArchiveExt>
        <Path>%commander_path%/plugins/wcx/zip/zip.wcx</Path>
        <Flags>91</Flags>
      </WcxPlugin>
      <WcxPlugin Enabled="True">
        <ArchiveExt>txz</ArchiveExt>
        <Path>%commander_path%/plugins/wcx/zip/zip.wcx</Path>
        <Flags>95</Flags>
      </WcxPlugin>
      <WcxPlugin Enabled="True">
        <ArchiveExt>zipx</ArchiveExt>
        <Path>%commander_path%/plugins/wcx/zip/zip.wcx</Path>
        <Flags>223</Flags>
      </WcxPlugin>
      <WcxPlugin Enabled="True">
        <ArchiveExt>cpio</ArchiveExt>
        <Path>%commander_path%/plugins/wcx/cpio/cpio.wcx</Path>
        <Flags>4</Flags>
      </WcxPlugin>
      <WcxPlugin Enabled="True">
        <ArchiveExt>deb</ArchiveExt>
        <Path>%commander_path%/plugins/wcx/deb/deb.wcx</Path>
        <Flags>4</Flags>
      </WcxPlugin>
      <WcxPlugin Enabled="True">
        <ArchiveExt>rpm</ArchiveExt>
        <Path>%commander_path%/plugins/wcx/rpm/rpm.wcx</Path>
        <Flags>4</Flags>
      </WcxPlugin>
      <WcxPlugin Enabled="True">
        <ArchiveExt>rar</ArchiveExt>
        <Path>%commander_path%/plugins/wcx/unrar/unrar.wcx</Path>
        <Flags>68</Flags>
      </WcxPlugin>
    </WcxPlugins>
    <WdxPlugins>
      <WdxPlugin>
        <Name>deb_wdx</Name>
        <Path>%COMMANDER_PATH%/plugins/wdx/deb_wdx/deb_wdx.wdx</Path>
        <DetectString>EXT="DEB"</DetectString>
      </WdxPlugin>
      <WdxPlugin>
        <Name>rpm_wdx</Name>
        <Path>%COMMANDER_PATH%/plugins/wdx/rpm_wdx/rpm_wdx.wdx</Path>
        <DetectString>EXT="RPM"</DetectString>
      </WdxPlugin>
      <WdxPlugin>
        <Name>audioinfo</Name>
        <Path>%COMMANDER_PATH%/plugins/wdx/audioinfo/audioinfo.wdx</Path>
        <DetectString>(EXT="MP3") | (EXT="MP2") | (EXT="MP1") | (EXT="OGG") | (EXT="WMA") | (EXT="WAV") | (EXT="VQF") | (EXT="AAC") | (EXT="APE") | (EXT="MPC") | (EXT="FLAC") | (EXT="CDA") | (EXT="TTA") | (EXT="AC3") | (EXT="DTS") | (EXT="WV") | (EXT="WVC") | (EXT="OFR") | (EXT="OFS") | (EXT="M4A") | (EXT="MP4")</DetectString>
      </WdxPlugin>
    </WdxPlugins>
    <WfxPlugins>
      <WfxPlugin Enabled="True">
        <Name>FTP</Name>
        <Path>%commander_path%/plugins/wfx/ftp/ftp.wfx</Path>
      </WfxPlugin>
      <WfxPlugin Enabled="True">
        <Name>Windows Network</Name>
        <Path>%commander_path%/plugins/wfx/samba/samba.wfx</Path>
      </WfxPlugin>
    </WfxPlugins>
  </Plugins>
  <Toolbars>
    <MainToolbar>
      <Row>
        <Command>
          <ID>{E700C002-0A3C-49B5-90DC-CB475B5BDEAA}</ID>
          <Icon>cm_refresh</Icon>
          <Command>cm_Refresh</Command>
        </Command>
        <Command>
          <ID>{00F9BC08-749A-4BC0-85B6-1013C6582541}</ID>
          <Icon>cm_runterm</Icon>
          <Command>cm_RunTerm</Command>
        </Command>
        <Command>
          <ID>{024E6A4B-16DC-4EE9-830C-B52C8EF097D9}</ID>
          <Icon>cm_options</Icon>
          <Command>cm_Options</Command>
        </Command>
        <Separator/>
        <Command>
          <ID>{D6E6D5B3-26EA-4EA7-B1DC-08F50DA646D8}</ID>
          <Icon>cm_briefview</Icon>
          <Command>cm_BriefView</Command>
        </Command>
        <Command>
          <ID>{E106467C-BCFF-40E5-8652-34F104011018}</ID>
          <Icon>cm_columnsview</Icon>
          <Command>cm_ColumnsView</Command>
        </Command>
        <Command>
          <ID>{4A3C47E8-055A-4AE0-AEF3-162331282DB1}</ID>
          <Icon>cm_thumbnailsview</Icon>
          <Command>cm_ThumbnailsView</Command>
        </Command>
        <Separator/>
        <Command>
          <ID>{7D62C75B-283B-4B7F-9253-85215A8C3DEC}</ID>
          <Icon>cm_flatview</Icon>
          <Command>cm_FlatView</Command>
        </Command>
        <Separator/>
        <Command>
          <ID>{60FDB2F8-01BD-4FFB-91F8-73104967AEEF}</ID>
          <Icon>cm_viewhistoryprev</Icon>
          <Command>cm_ViewHistoryPrev</Command>
        </Command>
        <Command>
          <ID>{48CBED49-BD50-4973-8F50-523F44F1A825}</ID>
          <Icon>cm_viewhistorynext</Icon>
          <Command>cm_ViewHistoryNext</Command>
        </Command>
        <Separator/>
        <Command>
          <ID>{D5CEB9BB-E7D5-4E7E-A250-C307B5539837}</ID>
          <Icon>cm_markplus</Icon>
          <Command>cm_MarkPlus</Command>
        </Command>
        <Command>
          <ID>{EB918F1D-8620-41D1-A8BA-69962CDCFDB7}</ID>
          <Icon>cm_markminus</Icon>
          <Command>cm_MarkMinus</Command>
        </Command>
        <Command>
          <ID>{DB3DC27A-43C2-42C2-A790-A978F6C35B3B}</ID>
          <Icon>cm_markinvert</Icon>
          <Command>cm_MarkInvert</Command>
        </Command>
        <Separator/>
        <Command>
          <ID>{6E1A55CD-162F-40F8-B258-1FC2A26A8811}</ID>
          <Icon>cm_packfiles</Icon>
          <Command>cm_PackFiles</Command>
        </Command>
        <Command>
          <ID>{1B6A582E-9B01-43BE-85B9-01339A163962}</ID>
          <Icon>cm_extractfiles</Icon>
          <Command>cm_ExtractFiles</Command>
        </Command>
        <Separator/>
        <Command>
          <ID>{C0B6C949-12E5-4593-A8AE-DE5B68075536}</ID>
          <Icon>cm_search</Icon>
          <Command>cm_Search</Command>
        </Command>
        <Command>
          <ID>{42CA6E49-E7CA-40AF-9B43-5F5E5D1E45BD}</ID>
          <Icon>cm_multirename</Icon>
          <Command>cm_MultiRename</Command>
        </Command>
        <Command>
          <ID>{03EFE608-B427-4D60-B430-675081C5D681}</ID>
          <Icon>cm_syncdirs</Icon>
          <Command>cm_SyncDirs</Command>
        </Command>
        <Command>
          <ID>{A5D338D7-078B-40EA-85DD-0680C10CFEC0}</ID>
          <Icon>cm_copyfullnamestoclip</Icon>
          <Command>cm_CopyFullNamesToClip</Command>
        </Command>
        <Separator/>
        <Program>
          <ID>{F378DC53-6016-44BD-87A1-CA91BB1576DB}</ID>
          <Icon>/home/colab/jdownloader/themes/standard/org/jdownloader/images/logo/jd_logo_256_256.png</Icon>
          <Hint>JDownloader</Hint>
          <Command>/bin/bash</Command>
          <Params>/home/colab/jdownloader.sh</Params>
          <StartPath>/home/colab/jdownloader</StartPath>
        </Program>
        <Program>
          <ID>{4EC5626B-5398-4732-AA17-F8828C2BF3D6}</ID>
          <Icon>/usr/share/icons/hicolor/256x256/apps/firefox.png</Icon>
          <Hint>Firefox</Hint>
          <Command>/usr/bin/firefox</Command>
          <StartPath>/usr/bin/firefox</StartPath>
        </Program>
        <Program>
          <ID>{2071C615-C698-411F-ADCA-D96C4D8700E0}</ID>
          <Icon>/usr/share/pixmaps/avidemux-jobs-qt.xpm</Icon>
          <Hint>avidemux3_qt5</Hint>
          <Command>/usr/bin/avidemux3_qt5</Command>
          <StartPath>/home/colab</StartPath>
        </Program>
      </Row>
    </MainToolbar>
  </Toolbars>
  <MainWindow>
    <Position>
      <Maximized>True</Maximized>
      <Splitter>50</Splitter>
    </Position>
  </MainWindow>
  <Language>
    <POFileName>doublecmd.en.po</POFileName>
  </Language>
  <Behaviours>
    <GoToRoot>False</GoToRoot>
    <RunInTerminalStayOpenCmd>x-terminal-emulator</RunInTerminalStayOpenCmd>
    <RunInTerminalStayOpenParams>-e sh -c '{command}; echo -n Press ENTER to exit... ; read a'</RunInTerminalStayOpenParams>
    <RunInTerminalCloseCmd>x-terminal-emulator</RunInTerminalCloseCmd>
    <RunInTerminalCloseParams>-e sh -c {command}</RunInTerminalCloseParams>
    <JustRunTerminal>x-terminal-emulator</JustRunTerminal>
    <JustRunTermParams/>
    <OnlyOneAppInstance>False</OnlyOneAppInstance>
    <LynxLike>True</LynxLike>
    <FileSizeFormat>1</FileSizeFormat>
    <FileSizeDigits>1</FileSizeDigits>
    <MinimizeToTray>False</MinimizeToTray>
    <AlwaysShowTrayIcon>False</AlwaysShowTrayIcon>
    <Mouse>
      <Selection Enabled="True">
        <Button>0</Button>
      </Selection>
      <SingleClickStart>0</SingleClickStart>
      <ScrollMode>1</ScrollMode>
      <WheelScrollLines>3</WheelScrollLines>
    </Mouse>
    <AutoFillColumns>False</AutoFillColumns>
    <AutoSizeColumn>1</AutoSizeColumn>
    <CustomColumnsChangeAllColumns>False</CustomColumnsChangeAllColumns>
    <BriefViewFileExtAligned>False</BriefViewFileExtAligned>
    <DateTimeFormat>dd mmm yyyy hh:nn:ss</DateTimeFormat>
    <CutTextToColumnWidth>True</CutTextToColumnWidth>
    <ExtendCellWidth>False</ExtendCellWidth>
    <ShowSystemFiles>True</ShowSystemFiles>
    <ListFilesInThread>True</ListFilesInThread>
    <LoadIconsSeparately>True</LoadIconsSeparately>
    <DelayLoadingTabs>True</DelayLoadingTabs>
    <HighlightUpdatedFiles>True</HighlightUpdatedFiles>
    <DriveBlackList/>
    <DriveBlackListUnmounted>False</DriveBlackListUnmounted>
  </Behaviours>
  <Tools>
    <Viewer Enabled="False">
      <Path/>
      <Parameters/>
      <RunInTerminal>False</RunInTerminal>
      <KeepTerminalOpen>False</KeepTerminalOpen>
    </Viewer>
    <Editor Enabled="False">
      <Path/>
      <Parameters/>
      <RunInTerminal>False</RunInTerminal>
      <KeepTerminalOpen>False</KeepTerminalOpen>
    </Editor>
    <Differ Enabled="False">
      <Path/>
      <Parameters/>
      <RunInTerminal>False</RunInTerminal>
      <KeepTerminalOpen>False</KeepTerminalOpen>
      <FramePosAfterComp>0</FramePosAfterComp>
    </Differ>
  </Tools>
  <Fonts>
    <Main>
      <Name>default</Name>
      <Size>10</Size>
      <Style>1</Style>
      <Quality>0</Quality>
    </Main>
    <Editor>
      <Name>Monospace</Name>
      <Size>14</Size>
      <Style>0</Style>
      <Quality>0</Quality>
    </Editor>
    <Viewer>
      <Name>Monospace</Name>
      <Size>14</Size>
      <Style>0</Style>
      <Quality>0</Quality>
    </Viewer>
    <OptionsTree>
      <Name>default</Name>
      <Size>10</Size>
      <Style>0</Style>
      <Quality>0</Quality>
    </OptionsTree>
    <OptionsMain>
      <Name>default</Name>
      <Size>10</Size>
      <Style>0</Style>
      <Quality>0</Quality>
    </OptionsMain>
    <SearchResults>
      <Name>default</Name>
      <Size>14</Size>
      <Style>0</Style>
      <Quality>0</Quality>
    </SearchResults>
    <PathEdit>
      <Name>default</Name>
      <Size>8</Size>
      <Style>0</Style>
      <Quality>0</Quality>
    </PathEdit>
    <FunctionButtons>
      <Name>default</Name>
      <Size>8</Size>
      <Style>0</Style>
      <Quality>0</Quality>
    </FunctionButtons>
    <Log>
      <Name>Monospace</Name>
      <Size>12</Size>
      <Style>0</Style>
      <Quality>0</Quality>
    </Log>
    <ViewerBook>
      <Name>default</Name>
      <Size>16</Size>
      <Style>1</Style>
      <Quality>0</Quality>
    </ViewerBook>
    <Console>
      <Name>Monospace</Name>
      <Size>12</Size>
      <Style>0</Style>
      <Quality>0</Quality>
    </Console>
  </Fonts>
  <ToolTips>
    <ShowToolTipMode>True</ShowToolTipMode>
    <CustomFields/>
  </ToolTips>
  <Layout>
    <MainMenu>True</MainMenu>
    <ButtonBar Enabled="True">
      <FlatIcons>True</FlatIcons>
      <ButtonHeight>24</ButtonHeight>
      <IconSize>16</IconSize>
      <ReportErrorWithCommands>False</ReportErrorWithCommands>
    </ButtonBar>
    <DriveBar1>False</DriveBar1>
    <DriveBar2>True</DriveBar2>
    <DriveBarFlat>True</DriveBarFlat>
    <DrivesListButton Enabled="False">
      <ShowLabel>True</ShowLabel>
      <ShowFileSystem>True</ShowFileSystem>
      <ShowFreeSpace>True</ShowFreeSpace>
    </DrivesListButton>
    <SeparateTree>False</SeparateTree>
    <DirectoryTabs>True</DirectoryTabs>
    <CurrentDirectory>True</CurrentDirectory>
    <TabHeader>True</TabHeader>
    <StatusBar>True</StatusBar>
    <CmdLine>True</CmdLine>
    <LogWindow>False</LogWindow>
    <TermWindow>False</TermWindow>
    <KeyButtons>True</KeyButtons>
    <InterfaceFlat>True</InterfaceFlat>
    <DriveFreeSpace>True</DriveFreeSpace>
    <DriveIndicator>False</DriveIndicator>
    <ProgressInMenuBar>False</ProgressInMenuBar>
    <PanelOfOperationsInBackground>True</PanelOfOperationsInBackground>
    <HorizontalFilePanels>False</HorizontalFilePanels>
    <ShortFormatDriveInfo>True</ShortFormatDriveInfo>
  </Layout>
  <FilesViews>
    <Sorting>
      <CaseSensitivity>0</CaseSensitivity>
      <NaturalSorting>False</NaturalSorting>
      <SortFolderMode>0</SortFolderMode>
      <NewFilesPosition>2</NewFilesPosition>
      <UpdatedFilesPosition>2</UpdatedFilesPosition>
    </Sorting>
    <ColumnsView>
      <AutoSaveWidth>True</AutoSaveWidth>
      <TitleStyle>1</TitleStyle>
    </ColumnsView>
    <BriefView>
      <FileExtAligned>False</FileExtAligned>
      <Columns>
        <FixedWidth>100</FixedWidth>
        <FixedCount>2</FixedCount>
        <AutoSize>2</AutoSize>
      </Columns>
    </BriefView>
    <ExtraLineSpan>2</ExtraLineSpan>
  </FilesViews>
  <Keyboard>
    <Typing>
      <Actions>
        <NoModifier>2</NoModifier>
        <Alt>0</Alt>
        <CtrlAlt>3</CtrlAlt>
      </Actions>
    </Typing>
  </Keyboard>
  <FileOperations>
    <BufferSize>524288</BufferSize>
    <HashBufferSize>8388608</HashBufferSize>
    <UseMmapInSearch>False</UseMmapInSearch>
    <PartialNameSearch>True</PartialNameSearch>
    <InitiallyClearFileMask>True</InitiallyClearFileMask>
    <NewSearchClearFiltersAction>0</NewSearchClearFiltersAction>
    <ShowMenuBarInFindFiles>True</ShowMenuBarInFindFiles>
    <WipePassNumber>1</WipePassNumber>
    <DropReadOnlyFlag>False</DropReadOnlyFlag>
    <ProcessComments>False</ProcessComments>
    <RenameSelOnlyName>False</RenameSelOnlyName>
    <ShowCopyTabSelectPanel>False</ShowCopyTabSelectPanel>
    <UseTrash>True</UseTrash>
    <SkipFileOpError>False</SkipFileOpError>
    <TypeOfDuplicatedRename>0</TypeOfDuplicatedRename>
    <ShowDialogOnDragDrop>False</ShowDialogOnDragDrop>
    <DragAndDropTextRichtextDesireLevel>0</DragAndDropTextRichtextDesireLevel>
    <DragAndDropTextHtmlDesireLevel>1</DragAndDropTextHtmlDesireLevel>
    <DragAndDropTextUnicodeDesireLevel>2</DragAndDropTextUnicodeDesireLevel>
    <DragAndDropTextSimpletextDesireLevel>3</DragAndDropTextSimpletextDesireLevel>
    <DragAndDropAskFormatEachTime>False</DragAndDropAskFormatEachTime>
    <DragAndDropTextAutoFilename>False</DragAndDropTextAutoFilename>
    <DragAndDropSaveUnicodeTextInUFT8>True</DragAndDropSaveUnicodeTextInUFT8>
    <NtfsHourTimeDelay>False</NtfsHourTimeDelay>
    <AutoExtractOpenMask/>
    <SearchDefaultTemplate/>
    <ProgressKind>0</ProgressKind>
    <Confirmations>15</Confirmations>
    <Options>
      <Symlink>0</Symlink>
      <CorrectLinks>False</CorrectLinks>
      <FileExists>0</FileExists>
      <DirectoryExists>0</DirectoryExists>
      <SetPropertyError>0</SetPropertyError>
      <ReserveSpace>False</ReserveSpace>
      <CheckFreeSpace>True</CheckFreeSpace>
      <CopyAttributes>True</CopyAttributes>
      <Verify>False</Verify>
      <CopyTime>True</CopyTime>
      <CopyOwnership>False</CopyOwnership>
      <CopyPermissions>False</CopyPermissions>
      <ExcludeEmptyTemplateDirectories>True</ExcludeEmptyTemplateDirectories>
    </Options>
  </FileOperations>
  <Tabs>
    <Options>54033</Options>
    <CharacterLimit>32</CharacterLimit>
    <Position>0</Position>
    <ActionOnDoubleClick>2</ActionOnDoubleClick>
    <OpenedTabs>
      <Left>
        <ActiveTab>0</ActiveTab>
        <Tab>
          <FileView Type="columns">
            <History>
              <Entry Active="True">
                <FileSource Type="FileSystem"/>
                <Paths>
                  <Path Filename="..">/usr/lib/doublecmd/</Path>
                  <Path Filename=".local">/home/colab/</Path>
                  <Path Filename="share">/home/colab/.local/</Path>
                  <Path Filename="..">/home/colab/.local/share/</Path>
                  <Path Filename="share">/home/colab/.local/</Path>
                  <Path Filename=".gvfs">/home/colab/</Path>
                  <Path Filename="..">/home/colab/.gvfs/</Path>
                  <Path Filename=".java">/home/colab/</Path>
                  <Path Filename="..">/home/colab/.java/</Path>
                  <Path Filename=".mozilla">/home/colab/</Path>
                  <Path Filename="firefox">/home/colab/.mozilla/</Path>
                  <Path Filename="hnqxg658.default-release">/home/colab/.mozilla/firefox/</Path>
                  <Path Filename="storage">/home/colab/.mozilla/firefox/hnqxg658.default-release/</Path>
                  <Path Filename="default">/home/colab/.mozilla/firefox/hnqxg658.default-release/storage/</Path>
                  <Path Filename="https+++studio.youtube.com">/home/colab/.mozilla/firefox/hnqxg658.default-release/storage/default/</Path>
                  <Path Filename="idb">/home/colab/.mozilla/firefox/hnqxg658.default-release/storage/default/https+++studio.youtube.com/</Path>
                  <Path Filename="2182124985UepslaobaadtsaD.files">/home/colab/.mozilla/firefox/hnqxg658.default-release/storage/default/https+++studio.youtube.com/idb/</Path>
                  <Path Filename="journals">/home/colab/.mozilla/firefox/hnqxg658.default-release/storage/default/https+++studio.youtube.com/idb/2182124985UepslaobaadtsaD.files/</Path>
                  <Path Filename="2182124985UepslaobaadtsaD.files">/home/colab/.mozilla/firefox/hnqxg658.default-release/storage/default/https+++studio.youtube.com/idb/</Path>
                  <Path Filename="idb">/home/colab/.mozilla/firefox/hnqxg658.default-release/storage/default/https+++studio.youtube.com/</Path>
                  <Path Filename="https+++studio.youtube.com">/home/colab/.mozilla/firefox/hnqxg658.default-release/storage/default/</Path>
                  <Path Filename="default">/home/colab/.mozilla/firefox/hnqxg658.default-release/storage/</Path>
                  <Path Filename="storage">/home/colab/.mozilla/firefox/hnqxg658.default-release/</Path>
                  <Path Filename="profiles.ini">/home/colab/.mozilla/firefox/</Path>
                  <Path Filename="firefox">/home/colab/.mozilla/</Path>
                  <Path Filename=".local">/home/colab/</Path>
                  <Path Filename="share">/home/colab/.local/</Path>
                  <Path Filename="..">/home/colab/.local/share/</Path>
                  <Path Filename="..">/home/colab/.local/</Path>
                  <Path Filename=".local">/home/colab/</Path>
                  <Path Filename="share">/home/colab/.local/</Path>
                  <Path Filename="..">/home/colab/.local/share/</Path>
                  <Path Filename="share">/home/colab/.local/</Path>
                  <Path Filename=".config">/home/colab/</Path>
                  <Path Filename="doublecmd">/home/colab/.config/</Path>
                  <Path Filename="..">/home/colab/.config/doublecmd/</Path>
                  <Path Filename="doublecmd">/home/colab/.config/</Path>
                </Paths>
              </Entry>
            </History>
            <ColumnsView>
              <ColumnsSet>Default</ColumnsSet>
            </ColumnsView>
          </FileView>
        </Tab>
      </Left>
      <Right>
        <ActiveTab>0</ActiveTab>
        <Tab>
          <FileView Type="columns">
            <Sortings>
              <Sorting>
                <Direction>2</Direction>
                <Function>7</Function>
              </Sorting>
            </Sortings>
            <History>
              <Entry Active="True">
                <FileSource Type="FileSystem"/>
                <Paths>
                  <Path Filename="">/usr/lib/doublecmd/</Path>
                  <Path Filename="colab">/home/</Path>
                  <Path Filename="Downloads">/home/colab/</Path>
                  <Path Filename="Akrep.dlc">/home/colab/Downloads/</Path>
                </Paths>
              </Entry>
            </History>
            <ColumnsView>
              <ColumnsSet>Default</ColumnsSet>
            </ColumnsView>
          </FileView>
        </Tab>
      </Right>
    </OpenedTabs>
  </Tabs>
  <Log Enabled="False" LogFileWithDateInName="False">
    <FileName>%DC_CONFIG_PATH%/doublecmd.log</FileName>
    <Options>1023</Options>
  </Log>
  <History>
    <SearchReplaceHistory Save="True"/>
    <DirHistory Save="True"/>
    <CmdLineHistory Save="True"/>
    <FileMaskHistory Save="True"/>
  </History>
  <QuickSearch>
    <MatchBeginning>True</MatchBeginning>
    <MatchEnding>True</MatchEnding>
    <Case>1</Case>
    <Items>2</Items>
  </QuickSearch>
  <QuickFilter>
    <AutoHide>True</AutoHide>
    <SaveSessionModifications>False</SaveSessionModifications>
  </QuickFilter>
  <Miscellaneous>
    <GridVertLine>False</GridVertLine>
    <GridHorzLine>False</GridHorzLine>
    <ShowWarningMessages>True</ShowWarningMessages>
    <SpaceMovesDown>False</SpaceMovesDown>
    <DirBrackets>True</DirBrackets>
    <InplaceRename>True</InplaceRename>
    <DblClickToParent>False</DblClickToParent>
    <HotDirAddTargetOrNot>False</HotDirAddTargetOrNot>
    <HotDirFullExpandOrNot>False</HotDirFullExpandOrNot>
    <ShowPathInPopup>False</ShowPathInPopup>
    <ShowOnlyValidEnv>True</ShowOnlyValidEnv>
    <WhereToAddNewHotDir>2</WhereToAddNewHotDir>
  </Miscellaneous>
  <Thumbnails Save="True">
    <Width>128</Width>
    <Height>128</Height>
  </Thumbnails>
  <Description>
    <CreateNewUnicode>True</CreateNewUnicode>
    <DefaultEncoding>2</DefaultEncoding>
    <CreateNewEncoding>3</CreateNewEncoding>
  </Description>
  <AutoRefresh>
    <Options>3</Options>
    <ExcludeDirs/>
    <Mode>1</Mode>
  </AutoRefresh>
  <Icons>
    <Theme>dctheme</Theme>
    <ShowMode>3</ShowMode>
    <ShowOverlays>False</ShowOverlays>
    <Size>32</Size>
    <DiskSize>16</DiskSize>
    <DiskAlpha>50</DiskAlpha>
    <Exclude>False</Exclude>
    <ExcludeDirs/>
    <CustomIcons>0</CustomIcons>
    <PixelsPerInch>100</PixelsPerInch>
    <ShowInMenus Enabled="False">
      <Size>16</Size>
    </ShowInMenus>
    <ShowButtonGlyphs>0</ShowButtonGlyphs>
  </Icons>
  <IgnoreList Enabled="False">
    <IgnoreListFile>%DC_CONFIG_PATH%/ignorelist.txt</IgnoreListFile>
  </IgnoreList>
  <DirectoryHotList/>
  <Viewer>
    <PreviewVisible>False</PreviewVisible>
    <ImageStretch>False</ImageStretch>
    <ImageExifRotate>True</ImageExifRotate>
    <ImageStretchLargeOnly>False</ImageStretchLargeOnly>
    <ImageCenter>True</ImageCenter>
    <CopyMovePath1/>
    <CopyMovePath2/>
    <CopyMovePath3/>
    <CopyMovePath4/>
    <CopyMovePath5/>
    <PaintMode>Pen</PaintMode>
    <PaintWidth>5</PaintWidth>
    <NumberOfColumns>1</NumberOfColumns>
    <ViewerMode>1</ViewerMode>
    <PaintColor>255</PaintColor>
    <BackgroundColor>0</BackgroundColor>
    <FontColor>16777215</FontColor>
    <TextPosition>0</TextPosition>
  </Viewer>
  <Editor>
    <EditWaitTime>2000</EditWaitTime>
    <SynEditOptions>856075</SynEditOptions>
  </Editor>
  <SyncDirs>
    <Subdirs>False</Subdirs>
    <ByContent>False</ByContent>
    <IgnoreDate>False</IgnoreDate>
    <FilterCopyRight>True</FilterCopyRight>
    <FilterEqual>True</FilterEqual>
    <FilterNotEqual>True</FilterNotEqual>
    <FilterCopyLeft>True</FilterCopyLeft>
    <FilterDuplicates>True</FilterDuplicates>
    <FilterSingles>True</FilterSingles>
    <FileMask>*</FileMask>
  </SyncDirs>
  <InternalAssociations>
    <OfferToAddNewFileType>False</OfferToAddNewFileType>
    <LastCustomAction>Custom action</LastCustomAction>
    <ExpandedContextMenu>False</ExpandedContextMenu>
    <ExecuteViaShell>False</ExecuteViaShell>
    <OpenSystemWithTerminalClose>False</OpenSystemWithTerminalClose>
    <OpenSystemWithTerminalStayOpen>False</OpenSystemWithTerminalStayOpen>
    <IncludeFileAssociation>False</IncludeFileAssociation>
  </InternalAssociations>
  <TreeViewMenu>
    <UseTVMDirectoryHotlistFMC>False</UseTVMDirectoryHotlistFMC>
    <UseTVMDirectoryHotlistFDC>False</UseTVMDirectoryHotlistFDC>
    <UseTVMFavoriteTabsFMC>False</UseTVMFavoriteTabsFMC>
    <UseTVMFavoriteTabsFDC>False</UseTVMFavoriteTabsFDC>
    <UseTVMDirHistory>False</UseTVMDirHistory>
    <UseTVMViewHistory>False</UseTVMViewHistory>
    <UseTVMCommandLineHistory>False</UseTVMCommandLineHistory>
    <TreeViewMenuShortcutExit>True</TreeViewMenuShortcutExit>
    <TreeViewMenuSingleClickExit>True</TreeViewMenuSingleClickExit>
    <TreeViewMenuDoubleClickExit>True</TreeViewMenuDoubleClickExit>
    <Context00>
      <CaseSensitive>False</CaseSensitive>
      <IgnoreAccents>True</IgnoreAccents>
      <ShowWholeBranchIfMatch>False</ShowWholeBranchIfMatch>
    </Context00>
    <Context01>
      <CaseSensitive>False</CaseSensitive>
      <IgnoreAccents>True</IgnoreAccents>
      <ShowWholeBranchIfMatch>False</ShowWholeBranchIfMatch>
    </Context01>
    <Context02>
      <CaseSensitive>False</CaseSensitive>
      <IgnoreAccents>True</IgnoreAccents>
      <ShowWholeBranchIfMatch>False</ShowWholeBranchIfMatch>
    </Context02>
    <Context03>
      <CaseSensitive>False</CaseSensitive>
      <IgnoreAccents>True</IgnoreAccents>
      <ShowWholeBranchIfMatch>False</ShowWholeBranchIfMatch>
    </Context03>
    <Context04>
      <CaseSensitive>False</CaseSensitive>
      <IgnoreAccents>True</IgnoreAccents>
      <ShowWholeBranchIfMatch>False</ShowWholeBranchIfMatch>
    </Context04>
    <Context05>
      <CaseSensitive>False</CaseSensitive>
      <IgnoreAccents>True</IgnoreAccents>
      <ShowWholeBranchIfMatch>False</ShowWholeBranchIfMatch>
    </Context05>
    <Context06>
      <CaseSensitive>False</CaseSensitive>
      <IgnoreAccents>True</IgnoreAccents>
      <ShowWholeBranchIfMatch>False</ShowWholeBranchIfMatch>
    </Context06>
    <TreeViewMenuUseKeyboardShortcut>True</TreeViewMenuUseKeyboardShortcut>
    <BackgroundColor>-2147483617</BackgroundColor>
    <ShortcutColor>255</ShortcutColor>
    <NormalTextColor>-2147483640</NormalTextColor>
    <SecondaryTextColor>-2147483642</SecondaryTextColor>
    <FoundTextColor>-2147483635</FoundTextColor>
    <UnselectableTextColor>-2147483631</UnselectableTextColor>
    <CursorColor>-2147483635</CursorColor>
    <ShortcutUnderCursor>-2147483634</ShortcutUnderCursor>
    <NormalTextUnderCursor>-2147483634</NormalTextUnderCursor>
    <SecondaryTextUnderCursor>-2147483628</SecondaryTextUnderCursor>
    <FoundTextUnderCursor>65535</FoundTextUnderCursor>
    <UnselectableUnderCursor>-2147483631</UnselectableUnderCursor>
  </TreeViewMenu>
  <FavoriteTabsOptions>
    <FavoriteTabsUseRestoreExtraOptions>False</FavoriteTabsUseRestoreExtraOptions>
    <WhereToAdd>1</WhereToAdd>
    <Expand>True</Expand>
    <GotoConfigAftSav>False</GotoConfigAftSav>
    <GotoConfigAftReSav>False</GotoConfigAftReSav>
    <DfltLeftGoTo>0</DfltLeftGoTo>
    <DfltRightGoTo>1</DfltRightGoTo>
    <DfltKeep>5</DfltKeep>
    <DfltSaveDirHistory>False</DfltSaveDirHistory>
    <FavTabsLastUniqueID>{B52B75A4-4BE7-4307-A22A-B04502A52F3E}</FavTabsLastUniqueID>
  </FavoriteTabsOptions>
  <Lua>
    <PathToLibrary>liblua5.1.so.0</PathToLibrary>
  </Lua>
  <NameShortcutFile>shortcuts.scf</NameShortcutFile>
  <HotKeySortOrder>0</HotKeySortOrder>
  <UseEnterToCloseHotKeyEditor>True</UseEnterToCloseHotKeyEditor>
  <LastUsedPacker>zip</LastUsedPacker>
  <UseShellForFileOperations>False</UseShellForFileOperations>
  <LastDoAnyCommand>cm_Refresh</LastDoAnyCommand>
  <MarkMaskCaseSensitive>False</MarkMaskCaseSensitive>
  <MarkMaskIgnoreAccents>False</MarkMaskIgnoreAccents>
  <MarkMaskFilterWindows>False</MarkMaskFilterWindows>
  <MarkShowWantedAttribute>False</MarkShowWantedAttribute>
  <MarkDefaultWantedAttribute/>
  <MarkLastWantedAttribute/>
  <SearchTemplates/>
  <ColumnsSets DefaultTitleHash="540805403">
    <ColumnsSet UseFrameCursor="False">
      <Name>Default</Name>
      <CustomView>False</CustomView>
      <PixelsPerInch>100</PixelsPerInch>
      <CursorBorder Enabled="False">
        <Color>-2147483635</Color>
      </CursorBorder>
      <Columns>
        <Column>
          <Title>Name</Title>
          <FuncString>[DC().GETFILENAME{}]</FuncString>
          <Width>355</Width>
          <Align>0</Align>
          <Font>
            <Name>default</Name>
            <Size>10</Size>
            <Style>1</Style>
            <Quality>0</Quality>
          </Font>
          <TextColor>-2147483640</TextColor>
          <Background>-2147483643</Background>
          <Background2>-2147483643</Background2>
          <MarkColor>255</MarkColor>
          <CursorColor>-2147483635</CursorColor>
          <CursorText>-2147483634</CursorText>
          <InactiveCursorColor>-2147483645</InactiveCursorColor>
          <InactiveMarkColor>255</InactiveMarkColor>
          <UseInvertedSelection>False</UseInvertedSelection>
          <UseInactiveSelColor>False</UseInactiveSelColor>
          <Overcolor>True</Overcolor>
        </Column>
        <Column>
          <Title>Ext</Title>
          <FuncString/>
          <Width>30</Width>
          <Align>0</Align>
          <Font>
            <Name>default</Name>
            <Size>10</Size>
            <Style>1</Style>
            <Quality>0</Quality>
          </Font>
          <TextColor>-2147483640</TextColor>
          <Background>-2147483643</Background>
          <Background2>-2147483643</Background2>
          <MarkColor>255</MarkColor>
          <CursorColor>-2147483635</CursorColor>
          <CursorText>-2147483634</CursorText>
          <InactiveCursorColor>-2147483645</InactiveCursorColor>
          <InactiveMarkColor>255</InactiveMarkColor>
          <UseInvertedSelection>False</UseInvertedSelection>
          <UseInactiveSelColor>False</UseInactiveSelColor>
          <Overcolor>True</Overcolor>
        </Column>
        <Column>
          <Title>Size</Title>
          <FuncString>[DC().GETFILESIZE{}]</FuncString>
          <Width>121</Width>
          <Align>1</Align>
          <Font>
            <Name>default</Name>
            <Size>10</Size>
            <Style>1</Style>
            <Quality>0</Quality>
          </Font>
          <TextColor>-2147483640</TextColor>
          <Background>-2147483643</Background>
          <Background2>-2147483643</Background2>
          <MarkColor>255</MarkColor>
          <CursorColor>-2147483635</CursorColor>
          <CursorText>-2147483634</CursorText>
          <InactiveCursorColor>-2147483645</InactiveCursorColor>
          <InactiveMarkColor>255</InactiveMarkColor>
          <UseInvertedSelection>False</UseInvertedSelection>
          <UseInactiveSelColor>False</UseInactiveSelColor>
          <Overcolor>True</Overcolor>
        </Column>
        <Column>
          <Title>Date</Title>
          <FuncString>[DC().GETFILETIME{}]</FuncString>
          <Width>181</Width>
          <Align>1</Align>
          <Font>
            <Name>default</Name>
            <Size>10</Size>
            <Style>1</Style>
            <Quality>0</Quality>
          </Font>
          <TextColor>-2147483640</TextColor>
          <Background>-2147483643</Background>
          <Background2>-2147483643</Background2>
          <MarkColor>255</MarkColor>
          <CursorColor>-2147483635</CursorColor>
          <CursorText>-2147483634</CursorText>
          <InactiveCursorColor>-2147483645</InactiveCursorColor>
          <InactiveMarkColor>255</InactiveMarkColor>
          <UseInvertedSelection>False</UseInvertedSelection>
          <UseInactiveSelColor>False</UseInactiveSelColor>
          <Overcolor>True</Overcolor>
        </Column>
        <Column>
          <Title>Attr</Title>
          <FuncString>[DC().GETFILEATTR{}]</FuncString>
          <Width>100</Width>
          <Align>0</Align>
          <Font>
            <Name>default</Name>
            <Size>10</Size>
            <Style>1</Style>
            <Quality>0</Quality>
          </Font>
          <TextColor>-2147483640</TextColor>
          <Background>-2147483643</Background>
          <Background2>-2147483643</Background2>
          <MarkColor>255</MarkColor>
          <CursorColor>-2147483635</CursorColor>
          <CursorText>-2147483634</CursorText>
          <InactiveCursorColor>-2147483645</InactiveCursorColor>
          <InactiveMarkColor>255</InactiveMarkColor>
          <UseInvertedSelection>False</UseInvertedSelection>
          <UseInactiveSelColor>False</UseInactiveSelColor>
          <Overcolor>True</Overcolor>
        </Column>
      </Columns>
    </ColumnsSet>
  </ColumnsSets>
</doublecmd>
