<?xml version="1.0" encoding="UTF-8"?>
<doublecmd>
  <Highlighters Version="1">
    <Highlighter Tag="0" Name="Plain text">
      <DefaultFilter/>
      <Attribute Name="Default text">
        <Style>0</Style>
        <StyleMask>0</StyleMask>
        <Foreground>-2147483640</Foreground>
        <Background>-2147483643</Background>
        <FrameColor>536870911</FrameColor>
        <FrameStyle>0</FrameStyle>
        <FrameEdges>1</FrameEdges>
      </Attribute>
    </Highlighter>
    <Highlighter Tag="1" Name="C++">
      <DefaultFilter>C++ Files (*.c,*.cpp,*.h,*.hpp,*.hh)|*.c;*.cpp;*.h;*.hpp;*.hh</DefaultFilter>
      <Attribute Name="Assembler">
        <Style>0</Style>
        <StyleMask>0</StyleMask>
        <Foreground>32768</Foreground>
        <Background>536870911</Background>
        <FrameColor>536870911</FrameColor>
        <FrameStyle>0</FrameStyle>
        <FrameEdges>1</FrameEdges>
      </Attribute>
      <Attribute Name="Comment">
        <Style>1</Style>
        <StyleMask>0</StyleMask>
        <Foreground>16711680</Foreground>
        <Background>536870911</Background>
        <FrameColor>536870911</FrameColor>
        <FrameStyle>0</FrameStyle>
        <FrameEdges>1</FrameEdges>
      </Attribute>
      <Attribute Name="Default text">
        <Style>0</Style>
        <StyleMask>0</StyleMask>
        <Foreground>-2147483640</Foreground>
        <Background>-2147483643</Background>
        <FrameColor>536870911</FrameColor>
        <FrameStyle>0</FrameStyle>
        <FrameEdges>1</FrameEdges>
      </Attribute>
      <Attribute Name="Identifier">
        <Style>0</Style>
        <StyleMask>0</StyleMask>
        <Foreground>536870911</Foreground>
        <Background>536870911</Background>
        <FrameColor>536870911</FrameColor>
        <FrameStyle>0</FrameStyle>
        <FrameEdges>1</FrameEdges>
      </Attribute>
      <Attribute Name="Illegal char">
        <Style>0</Style>
        <StyleMask>0</StyleMask>
        <Foreground>536870911</Foreground>
        <Background>536870911</Background>
        <FrameColor>536870911</FrameColor>
        <FrameStyle>0</FrameStyle>
        <FrameEdges>1</FrameEdges>
      </Attribute>
      <Attribute Name="Number">
        <Style>0</Style>
        <StyleMask>0</StyleMask>
        <Foreground>8388608</Foreground>
        <Background>536870911</Background>
        <FrameColor>536870911</FrameColor>
        <FrameStyle>0</FrameStyle>
        <FrameEdges>1</FrameEdges>
      </Attribute>
      <Attribute Name="Preprocessor">
        <Style>1</Style>
        <StyleMask>0</StyleMask>
        <Foreground>16711680</Foreground>
        <Background>536870911</Background>
        <FrameColor>536870911</FrameColor>
        <FrameStyle>0</FrameStyle>
        <FrameEdges>1</FrameEdges>
      </Attribute>
      <Attribute Name="Reserved word">
        <Style>1</Style>
        <StyleMask>0</StyleMask>
        <Foreground>536870911</Foreground>
        <Background>536870911</Background>
        <FrameColor>536870911</FrameColor>
        <FrameStyle>0</FrameStyle>
        <FrameEdges>1</FrameEdges>
      </Attribute>
      <Attribute Name="Space">
        <Style>0</Style>
        <StyleMask>0</StyleMask>
        <Foreground>536870911</Foreground>
        <Background>536870911</Background>
        <FrameColor>536870911</FrameColor>
        <FrameStyle>0</FrameStyle>
        <FrameEdges>1</FrameEdges>
      </Attribute>
      <Attribute Name="String">
        <Style>0</Style>
        <StyleMask>0</StyleMask>
        <Foreground>16711680</Foreground>
        <Background>536870911</Background>
        <FrameColor>536870911</FrameColor>
        <FrameStyle>0</FrameStyle>
        <FrameEdges>1</FrameEdges>
      </Attribute>
      <Attribute Name="Symbol">
        <Style>0</Style>
        <StyleMask>0</StyleMask>
        <Foreground>255</Foreground>
        <Background>536870911</Background>
        <FrameColor>536870911</FrameColor>
        <FrameStyle>0</FrameStyle>
        <FrameEdges>1</FrameEdges>
      </Attribute>
    </Highlighter>
    <Highlighter Tag="1" Name="Cascading style sheets">
      <DefaultFilter>Cascading Stylesheets (*.css)|*.css</DefaultFilter>
      <Attribute Name="Comment">
        <Style>1</Style>
        <StyleMask>0</StyleMask>
        <Foreground>16711680</Foreground>
        <Background>536870911</Background>
        <FrameColor>536870911</FrameColor>
        <FrameStyle>0</FrameStyle>
        <FrameEdges>1</FrameEdges>
      </Attribute>
      <Attribute Name="Default text">
        <Style>0</Style>
        <StyleMask>0</StyleMask>
        <Foreground>-2147483640</Foreground>
        <Background>-2147483643</Background>
        <FrameColor>536870911</FrameColor>
        <FrameStyle>0</FrameStyle>
        <FrameEdges>1</FrameEdges>
      </Attribute>
      <Attribute Name="Identifier">
        <Style>0</Style>
        <StyleMask>0</StyleMask>
        <Foreground>536870911</Foreground>
        <Background>536870911</Background>
        <FrameColor>536870911</FrameColor>
        <FrameStyle>0</FrameStyle>
        <FrameEdges>1</FrameEdges>
      </Attribute>
      <Attribute Name="Key">
        <Style>1</Style>
        <StyleMask>0</StyleMask>
        <Foreground>536870911</Foreground>
        <Background>536870911</Background>
        <FrameColor>536870911</FrameColor>
        <FrameStyle>0</FrameStyle>
        <FrameEdges>1</FrameEdges>
      </Attribute>
      <Attribute Name="Measurement unit">
        <Style>0</Style>
        <StyleMask>0</StyleMask>
        <Foreground>536870911</Foreground>
        <Background>536870911</Background>
        <FrameColor>536870911</FrameColor>
        <FrameStyle>0</FrameStyle>
        <FrameEdges>1</FrameEdges>
      </Attribute>
      <Attribute Name="Number">
        <Style>0</Style>
        <StyleMask>0</StyleMask>
        <Foreground>8388608</Foreground>
        <Background>536870911</Background>
        <FrameColor>536870911</FrameColor>
        <FrameStyle>0</FrameStyle>
        <FrameEdges>1</FrameEdges>
      </Attribute>
      <Attribute Name="Selector">
        <Style>0</Style>
        <StyleMask>0</StyleMask>
        <Foreground>536870911</Foreground>
        <Background>536870911</Background>
        <FrameColor>536870911</FrameColor>
        <FrameStyle>0</FrameStyle>
        <FrameEdges>1</FrameEdges>
      </Attribute>
      <Attribute Name="Space">
        <Style>0</Style>
        <StyleMask>0</StyleMask>
        <Foreground>536870911</Foreground>
        <Background>536870911</Background>
        <FrameColor>536870911</FrameColor>
        <FrameStyle>0</FrameStyle>
        <FrameEdges>1</FrameEdges>
      </Attribute>
      <Attribute Name="String">
        <Style>0</Style>
        <StyleMask>0</StyleMask>
        <Foreground>16711680</Foreground>
        <Background>536870911</Background>
        <FrameColor>536870911</FrameColor>
        <FrameStyle>0</FrameStyle>
        <FrameEdges>1</FrameEdges>
      </Attribute>
      <Attribute Name="Symbol">
        <Style>0</Style>
        <StyleMask>0</StyleMask>
        <Foreground>255</Foreground>
        <Background>536870911</Background>
        <FrameColor>536870911</FrameColor>
        <FrameStyle>0</FrameStyle>
        <FrameEdges>1</FrameEdges>
      </Attribute>
    </Highlighter>
    <Highlighter Tag="1" Name="Diff File">
      <DefaultFilter>Difference Files (*.diff,*.patch)|*.diff;*.patch</DefaultFilter>
      <Attribute Name="Default text">
        <Style>0</Style>
        <StyleMask>0</StyleMask>
        <Foreground>-2147483640</Foreground>
        <Background>-2147483643</Background>
        <FrameColor>536870911</FrameColor>
        <FrameStyle>0</FrameStyle>
        <FrameEdges>1</FrameEdges>
      </Attribute>
      <Attribute Name="Diff Added line">
        <Style>0</Style>
        <StyleMask>0</StyleMask>
        <Foreground>32768</Foreground>
        <Background>536870911</Background>
        <FrameColor>536870911</FrameColor>
        <FrameStyle>0</FrameStyle>
        <FrameEdges>1</FrameEdges>
      </Attribute>
      <Attribute Name="Diff Changed Line">
        <Style>0</Style>
        <StyleMask>0</StyleMask>
        <Foreground>8388736</Foreground>
        <Background>536870911</Background>
        <FrameColor>536870911</FrameColor>
        <FrameStyle>0</FrameStyle>
        <FrameEdges>1</FrameEdges>
      </Attribute>
      <Attribute Name="Diff Chunk Line Counts">
        <Style>1</Style>
        <StyleMask>0</StyleMask>
        <Foreground>8388736</Foreground>
        <Background>536870911</Background>
        <FrameColor>536870911</FrameColor>
        <FrameStyle>0</FrameStyle>
        <FrameEdges>1</FrameEdges>
      </Attribute>
      <Attribute Name="Diff Chunk Marker">
        <Style>1</Style>
        <StyleMask>0</StyleMask>
        <Foreground>536870911</Foreground>
        <Background>536870911</Background>
        <FrameColor>536870911</FrameColor>
        <FrameStyle>0</FrameStyle>
        <FrameEdges>1</FrameEdges>
      </Attribute>
      <Attribute Name="Diff Chunk New Line Count">
        <Style>1</Style>
        <StyleMask>0</StyleMask>
        <Foreground>32768</Foreground>
        <Background>536870911</Background>
        <FrameColor>536870911</FrameColor>
        <FrameStyle>0</FrameStyle>
        <FrameEdges>1</FrameEdges>
      </Attribute>
      <Attribute Name="Diff Chunk Original Line Count">
        <Style>1</Style>
        <StyleMask>0</StyleMask>
        <Foreground>255</Foreground>
        <Background>536870911</Background>
        <FrameColor>536870911</FrameColor>
        <FrameStyle>0</FrameStyle>
        <FrameEdges>1</FrameEdges>
      </Attribute>
      <Attribute Name="Diff Context Line">
        <Style>0</Style>
        <StyleMask>0</StyleMask>
        <Foreground>536870911</Foreground>
        <Background>536870911</Background>
        <FrameColor>536870911</FrameColor>
        <FrameStyle>0</FrameStyle>
        <FrameEdges>1</FrameEdges>
      </Attribute>
      <Attribute Name="Diff New File">
        <Style>1</Style>
        <StyleMask>0</StyleMask>
        <Foreground>536870911</Foreground>
        <Background>32768</Background>
        <FrameColor>536870911</FrameColor>
        <FrameStyle>0</FrameStyle>
        <FrameEdges>1</FrameEdges>
      </Attribute>
      <Attribute Name="Diff Original File">
        <Style>1</Style>
        <StyleMask>0</StyleMask>
        <Foreground>536870911</Foreground>
        <Background>255</Background>
        <FrameColor>536870911</FrameColor>
        <FrameStyle>0</FrameStyle>
        <FrameEdges>1</FrameEdges>
      </Attribute>
      <Attribute Name="Diff Removed Line">
        <Style>0</Style>
        <StyleMask>0</StyleMask>
        <Foreground>255</Foreground>
        <Background>536870911</Background>
        <FrameColor>536870911</FrameColor>
        <FrameStyle>0</FrameStyle>
        <FrameEdges>1</FrameEdges>
      </Attribute>
      <Attribute Name="Space">
        <Style>0</Style>
        <StyleMask>0</StyleMask>
        <Foreground>536870911</Foreground>
        <Background>536870911</Background>
        <FrameColor>536870911</FrameColor>
        <FrameStyle>0</FrameStyle>
        <FrameEdges>1</FrameEdges>
      </Attribute>
      <Attribute Name="Unknown word">
        <Style>2</Style>
        <StyleMask>0</StyleMask>
        <Foreground>536870911</Foreground>
        <Background>536870911</Background>
        <FrameColor>536870911</FrameColor>
        <FrameStyle>0</FrameStyle>
        <FrameEdges>1</FrameEdges>
      </Attribute>
    </Highlighter>
    <Highlighter Tag="1" Name="HTML document">
      <DefaultFilter>HTML Document (*.htm,*.html)|*.htm;*.html</DefaultFilter>
      <Attribute Name="Asp">
        <Style>0</Style>
        <StyleMask>0</StyleMask>
        <Foreground>0</Foreground>
        <Background>65535</Background>
        <FrameColor>536870911</FrameColor>
        <FrameStyle>0</FrameStyle>
        <FrameEdges>1</FrameEdges>
      </Attribute>
      <Attribute Name="CDATA">
        <Style>0</Style>
        <StyleMask>0</StyleMask>
        <Foreground>32768</Foreground>
        <Background>536870911</Background>
        <FrameColor>536870911</FrameColor>
        <FrameStyle>0</FrameStyle>
        <FrameEdges>1</FrameEdges>
      </Attribute>
      <Attribute Name="Comment">
        <Style>0</Style>
        <StyleMask>0</StyleMask>
        <Foreground>536870911</Foreground>
        <Background>536870911</Background>
        <FrameColor>536870911</FrameColor>
        <FrameStyle>0</FrameStyle>
        <FrameEdges>1</FrameEdges>
      </Attribute>
      <Attribute Name="Default text">
        <Style>0</Style>
        <StyleMask>0</StyleMask>
        <Foreground>-2147483640</Foreground>
        <Background>-2147483643</Background>
        <FrameColor>536870911</FrameColor>
        <FrameStyle>0</FrameStyle>
        <FrameEdges>1</FrameEdges>
      </Attribute>
      <Attribute Name="DOCTYPE">
        <Style>1</Style>
        <StyleMask>0</StyleMask>
        <Foreground>0</Foreground>
        <Background>65535</Background>
        <FrameColor>536870911</FrameColor>
        <FrameStyle>0</FrameStyle>
        <FrameEdges>1</FrameEdges>
      </Attribute>
      <Attribute Name="Escape ampersand">
        <Style>1</Style>
        <StyleMask>0</StyleMask>
        <Foreground>65280</Foreground>
        <Background>536870911</Background>
        <FrameColor>536870911</FrameColor>
        <FrameStyle>0</FrameStyle>
        <FrameEdges>1</FrameEdges>
      </Attribute>
      <Attribute Name="Identifier">
        <Style>1</Style>
        <StyleMask>0</StyleMask>
        <Foreground>536870911</Foreground>
        <Background>536870911</Background>
        <FrameColor>536870911</FrameColor>
        <FrameStyle>0</FrameStyle>
        <FrameEdges>1</FrameEdges>
      </Attribute>
      <Attribute Name="Reserved word">
        <Style>1</Style>
        <StyleMask>0</StyleMask>
        <Foreground>16711808</Foreground>
        <Background>536870911</Background>
        <FrameColor>536870911</FrameColor>
        <FrameStyle>0</FrameStyle>
        <FrameEdges>1</FrameEdges>
      </Attribute>
      <Attribute Name="Space">
        <Style>0</Style>
        <StyleMask>0</StyleMask>
        <Foreground>536870911</Foreground>
        <Background>536870911</Background>
        <FrameColor>536870911</FrameColor>
        <FrameStyle>0</FrameStyle>
        <FrameEdges>1</FrameEdges>
      </Attribute>
      <Attribute Name="Symbol">
        <Style>1</Style>
        <StyleMask>0</StyleMask>
        <Foreground>536870911</Foreground>
        <Background>536870911</Background>
        <FrameColor>536870911</FrameColor>
        <FrameStyle>0</FrameStyle>
        <FrameEdges>1</FrameEdges>
      </Attribute>
      <Attribute Name="Text">
        <Style>0</Style>
        <StyleMask>0</StyleMask>
        <Foreground>536870911</Foreground>
        <Background>536870911</Background>
        <FrameColor>536870911</FrameColor>
        <FrameStyle>0</FrameStyle>
        <FrameEdges>1</FrameEdges>
      </Attribute>
      <Attribute Name="Unknown word">
        <Style>1</Style>
        <StyleMask>0</StyleMask>
        <Foreground>255</Foreground>
        <Background>536870911</Background>
        <FrameColor>536870911</FrameColor>
        <FrameStyle>0</FrameStyle>
        <FrameEdges>1</FrameEdges>
      </Attribute>
      <Attribute Name="Value">
        <Style>0</Style>
        <StyleMask>0</StyleMask>
        <Foreground>16744448</Foreground>
        <Background>536870911</Background>
        <FrameColor>536870911</FrameColor>
        <FrameStyle>0</FrameStyle>
        <FrameEdges>1</FrameEdges>
      </Attribute>
    </Highlighter>
    <Highlighter Tag="1" Name="INI file">
      <DefaultFilter>INI Files (*.ini)|*.ini</DefaultFilter>
      <Attribute Name="Comment">
        <Style>2</Style>
        <StyleMask>0</StyleMask>
        <Foreground>32768</Foreground>
        <Background>536870911</Background>
        <FrameColor>536870911</FrameColor>
        <FrameStyle>0</FrameStyle>
        <FrameEdges>1</FrameEdges>
      </Attribute>
      <Attribute Name="Default text">
        <Style>0</Style>
        <StyleMask>0</StyleMask>
        <Foreground>-2147483640</Foreground>
        <Background>-2147483643</Background>
        <FrameColor>536870911</FrameColor>
        <FrameStyle>0</FrameStyle>
        <FrameEdges>1</FrameEdges>
      </Attribute>
      <Attribute Name="Key">
        <Style>0</Style>
        <StyleMask>0</StyleMask>
        <Foreground>16711680</Foreground>
        <Background>536870911</Background>
        <FrameColor>536870911</FrameColor>
        <FrameStyle>0</FrameStyle>
        <FrameEdges>1</FrameEdges>
      </Attribute>
      <Attribute Name="Number">
        <Style>0</Style>
        <StyleMask>0</StyleMask>
        <Foreground>536870911</Foreground>
        <Background>536870911</Background>
        <FrameColor>536870911</FrameColor>
        <FrameStyle>0</FrameStyle>
        <FrameEdges>1</FrameEdges>
      </Attribute>
      <Attribute Name="Section">
        <Style>1</Style>
        <StyleMask>0</StyleMask>
        <Foreground>536870911</Foreground>
        <Background>536870911</Background>
        <FrameColor>536870911</FrameColor>
        <FrameStyle>0</FrameStyle>
        <FrameEdges>1</FrameEdges>
      </Attribute>
      <Attribute Name="Space">
        <Style>0</Style>
        <StyleMask>0</StyleMask>
        <Foreground>536870911</Foreground>
        <Background>536870911</Background>
        <FrameColor>536870911</FrameColor>
        <FrameStyle>0</FrameStyle>
        <FrameEdges>1</FrameEdges>
      </Attribute>
      <Attribute Name="String">
        <Style>0</Style>
        <StyleMask>0</StyleMask>
        <Foreground>536870911</Foreground>
        <Background>536870911</Background>
        <FrameColor>536870911</FrameColor>
        <FrameStyle>0</FrameStyle>
        <FrameEdges>1</FrameEdges>
      </Attribute>
      <Attribute Name="Symbol">
        <Style>0</Style>
        <StyleMask>0</StyleMask>
        <Foreground>255</Foreground>
        <Background>536870911</Background>
        <FrameColor>536870911</FrameColor>
        <FrameStyle>0</FrameStyle>
        <FrameEdges>1</FrameEdges>
      </Attribute>
      <Attribute Name="Text">
        <Style>0</Style>
        <StyleMask>0</StyleMask>
        <Foreground>536870911</Foreground>
        <Background>536870911</Background>
        <FrameColor>536870911</FrameColor>
        <FrameStyle>0</FrameStyle>
        <FrameEdges>1</FrameEdges>
      </Attribute>
    </Highlighter>
    <Highlighter Tag="0" Name="Java">
      <DefaultFilter>Java Files (*.java)|*.java</DefaultFilter>
      <Attribute Name="Annotation">
        <Style>0</Style>
        <StyleMask>0</StyleMask>
        <Foreground>536870911</Foreground>
        <Background>536870911</Background>
        <FrameColor>536870911</FrameColor>
        <FrameStyle>0</FrameStyle>
        <FrameEdges>1</FrameEdges>
      </Attribute>
      <Attribute Name="Comment">
        <Style>1</Style>
        <StyleMask>0</StyleMask>
        <Foreground>16711680</Foreground>
        <Background>536870911</Background>
        <FrameColor>536870911</FrameColor>
        <FrameStyle>0</FrameStyle>
        <FrameEdges>1</FrameEdges>
      </Attribute>
      <Attribute Name="Default text">
        <Style>0</Style>
        <StyleMask>0</StyleMask>
        <Foreground>-2147483640</Foreground>
        <Background>-2147483643</Background>
        <FrameColor>536870911</FrameColor>
        <FrameStyle>0</FrameStyle>
        <FrameEdges>1</FrameEdges>
      </Attribute>
      <Attribute Name="Documentation">
        <Style>1</Style>
        <StyleMask>0</StyleMask>
        <Foreground>16711680</Foreground>
        <Background>536870911</Background>
        <FrameColor>536870911</FrameColor>
        <FrameStyle>0</FrameStyle>
        <FrameEdges>1</FrameEdges>
      </Attribute>
      <Attribute Name="Identifier">
        <Style>0</Style>
        <StyleMask>0</StyleMask>
        <Foreground>536870911</Foreground>
        <Background>536870911</Background>
        <FrameColor>536870911</FrameColor>
        <FrameStyle>0</FrameStyle>
        <FrameEdges>1</FrameEdges>
      </Attribute>
      <Attribute Name="Invalid symbol">
        <Style>0</Style>
        <StyleMask>0</StyleMask>
        <Foreground>536870911</Foreground>
        <Background>536870911</Background>
        <FrameColor>536870911</FrameColor>
        <FrameStyle>0</FrameStyle>
        <FrameEdges>1</FrameEdges>
      </Attribute>
      <Attribute Name="Number">
        <Style>0</Style>
        <StyleMask>0</StyleMask>
        <Foreground>8388608</Foreground>
        <Background>536870911</Background>
        <FrameColor>536870911</FrameColor>
        <FrameStyle>0</FrameStyle>
        <FrameEdges>1</FrameEdges>
      </Attribute>
      <Attribute Name="Reserved word">
        <Style>1</Style>
        <StyleMask>0</StyleMask>
        <Foreground>536870911</Foreground>
        <Background>536870911</Background>
        <FrameColor>536870911</FrameColor>
        <FrameStyle>0</FrameStyle>
        <FrameEdges>1</FrameEdges>
      </Attribute>
      <Attribute Name="Space">
        <Style>0</Style>
        <StyleMask>0</StyleMask>
        <Foreground>536870911</Foreground>
        <Background>536870911</Background>
        <FrameColor>536870911</FrameColor>
        <FrameStyle>0</FrameStyle>
        <FrameEdges>1</FrameEdges>
      </Attribute>
      <Attribute Name="String">
        <Style>0</Style>
        <StyleMask>0</StyleMask>
        <Foreground>16711680</Foreground>
        <Background>536870911</Background>
        <FrameColor>536870911</FrameColor>
        <FrameStyle>0</FrameStyle>
        <FrameEdges>1</FrameEdges>
      </Attribute>
      <Attribute Name="Symbol">
        <Style>0</Style>
        <StyleMask>0</StyleMask>
        <Foreground>255</Foreground>
        <Background>536870911</Background>
        <FrameColor>536870911</FrameColor>
        <FrameStyle>0</FrameStyle>
        <FrameEdges>1</FrameEdges>
      </Attribute>
    </Highlighter>
    <Highlighter Tag="1" Name="Lazarus Form definition">
      <DefaultFilter>Lazarus Form Files (*.lfm)|*.lfm</DefaultFilter>
      <Attribute Name="Comment">
        <Style>1</Style>
        <StyleMask>0</StyleMask>
        <Foreground>16711680</Foreground>
        <Background>536870911</Background>
        <FrameColor>536870911</FrameColor>
        <FrameStyle>0</FrameStyle>
        <FrameEdges>1</FrameEdges>
      </Attribute>
      <Attribute Name="Default text">
        <Style>0</Style>
        <StyleMask>0</StyleMask>
        <Foreground>-2147483640</Foreground>
        <Background>-2147483643</Background>
        <FrameColor>536870911</FrameColor>
        <FrameStyle>0</FrameStyle>
        <FrameEdges>1</FrameEdges>
      </Attribute>
      <Attribute Name="Identifier">
        <Style>0</Style>
        <StyleMask>0</StyleMask>
        <Foreground>536870911</Foreground>
        <Background>536870911</Background>
        <FrameColor>536870911</FrameColor>
        <FrameStyle>0</FrameStyle>
        <FrameEdges>1</FrameEdges>
      </Attribute>
      <Attribute Name="Key">
        <Style>1</Style>
        <StyleMask>0</StyleMask>
        <Foreground>536870911</Foreground>
        <Background>536870911</Background>
        <FrameColor>536870911</FrameColor>
        <FrameStyle>0</FrameStyle>
        <FrameEdges>1</FrameEdges>
      </Attribute>
      <Attribute Name="Number">
        <Style>0</Style>
        <StyleMask>0</StyleMask>
        <Foreground>8388608</Foreground>
        <Background>536870911</Background>
        <FrameColor>536870911</FrameColor>
        <FrameStyle>0</FrameStyle>
        <FrameEdges>1</FrameEdges>
      </Attribute>
      <Attribute Name="Space">
        <Style>0</Style>
        <StyleMask>0</StyleMask>
        <Foreground>536870911</Foreground>
        <Background>536870911</Background>
        <FrameColor>536870911</FrameColor>
        <FrameStyle>0</FrameStyle>
        <FrameEdges>1</FrameEdges>
      </Attribute>
      <Attribute Name="String">
        <Style>0</Style>
        <StyleMask>0</StyleMask>
        <Foreground>16711680</Foreground>
        <Background>536870911</Background>
        <FrameColor>536870911</FrameColor>
        <FrameStyle>0</FrameStyle>
        <FrameEdges>1</FrameEdges>
      </Attribute>
      <Attribute Name="Symbol">
        <Style>0</Style>
        <StyleMask>0</StyleMask>
        <Foreground>536870911</Foreground>
        <Background>536870911</Background>
        <FrameColor>536870911</FrameColor>
        <FrameStyle>0</FrameStyle>
        <FrameEdges>1</FrameEdges>
      </Attribute>
    </Highlighter>
    <Highlighter Tag="1" Name="Lua Script">
      <DefaultFilter>Lua Script File (*.lua)|*.lua</DefaultFilter>
      <Attribute Name="Comment">
        <Style>0</Style>
        <StyleMask>0</StyleMask>
        <Foreground>32768</Foreground>
        <Background>536870911</Background>
        <FrameColor>536870911</FrameColor>
        <FrameStyle>0</FrameStyle>
        <FrameEdges>1</FrameEdges>
      </Attribute>
      <Attribute Name="Default text">
        <Style>0</Style>
        <StyleMask>0</StyleMask>
        <Foreground>-2147483640</Foreground>
        <Background>-2147483643</Background>
        <FrameColor>536870911</FrameColor>
        <FrameStyle>0</FrameStyle>
        <FrameEdges>1</FrameEdges>
      </Attribute>
      <Attribute Name="Function">
        <Style>0</Style>
        <StyleMask>0</StyleMask>
        <Foreground>12603392</Foreground>
        <Background>536870911</Background>
        <FrameColor>536870911</FrameColor>
        <FrameStyle>0</FrameStyle>
        <FrameEdges>1</FrameEdges>
      </Attribute>
      <Attribute Name="Identifier">
        <Style>0</Style>
        <StyleMask>0</StyleMask>
        <Foreground>-2147483640</Foreground>
        <Background>536870911</Background>
        <FrameColor>536870911</FrameColor>
        <FrameStyle>0</FrameStyle>
        <FrameEdges>1</FrameEdges>
      </Attribute>
      <Attribute Name="Number">
        <Style>0</Style>
        <StyleMask>0</StyleMask>
        <Foreground>8388736</Foreground>
        <Background>536870911</Background>
        <FrameColor>536870911</FrameColor>
        <FrameStyle>0</FrameStyle>
        <FrameEdges>1</FrameEdges>
      </Attribute>
      <Attribute Name="Reserved word">
        <Style>0</Style>
        <StyleMask>0</StyleMask>
        <Foreground>16711680</Foreground>
        <Background>536870911</Background>
        <FrameColor>536870911</FrameColor>
        <FrameStyle>0</FrameStyle>
        <FrameEdges>1</FrameEdges>
      </Attribute>
      <Attribute Name="Space">
        <Style>0</Style>
        <StyleMask>0</StyleMask>
        <Foreground>536870911</Foreground>
        <Background>536870911</Background>
        <FrameColor>536870911</FrameColor>
        <FrameStyle>0</FrameStyle>
        <FrameEdges>1</FrameEdges>
      </Attribute>
      <Attribute Name="String">
        <Style>0</Style>
        <StyleMask>0</StyleMask>
        <Foreground>128</Foreground>
        <Background>536870911</Background>
        <FrameColor>536870911</FrameColor>
        <FrameStyle>0</FrameStyle>
        <FrameEdges>1</FrameEdges>
      </Attribute>
      <Attribute Name="Symbol">
        <Style>0</Style>
        <StyleMask>0</StyleMask>
        <Foreground>8388608</Foreground>
        <Background>536870911</Background>
        <FrameColor>536870911</FrameColor>
        <FrameStyle>0</FrameStyle>
        <FrameEdges>1</FrameEdges>
      </Attribute>
    </Highlighter>
    <Highlighter Tag="1" Name="MS-DOS batch language">
      <DefaultFilter>MS-DOS Batch Files (*.bat;*.cmd)|*.bat;*.cmd</DefaultFilter>
      <Attribute Name="Comment">
        <Style>1</Style>
        <StyleMask>0</StyleMask>
        <Foreground>16711680</Foreground>
        <Background>536870911</Background>
        <FrameColor>536870911</FrameColor>
        <FrameStyle>0</FrameStyle>
        <FrameEdges>1</FrameEdges>
      </Attribute>
      <Attribute Name="Default text">
        <Style>0</Style>
        <StyleMask>0</StyleMask>
        <Foreground>-2147483640</Foreground>
        <Background>-2147483643</Background>
        <FrameColor>536870911</FrameColor>
        <FrameStyle>0</FrameStyle>
        <FrameEdges>1</FrameEdges>
      </Attribute>
      <Attribute Name="Identifier">
        <Style>0</Style>
        <StyleMask>0</StyleMask>
        <Foreground>536870911</Foreground>
        <Background>536870911</Background>
        <FrameColor>536870911</FrameColor>
        <FrameStyle>0</FrameStyle>
        <FrameEdges>1</FrameEdges>
      </Attribute>
      <Attribute Name="Key">
        <Style>1</Style>
        <StyleMask>0</StyleMask>
        <Foreground>536870911</Foreground>
        <Background>536870911</Background>
        <FrameColor>536870911</FrameColor>
        <FrameStyle>0</FrameStyle>
        <FrameEdges>1</FrameEdges>
      </Attribute>
      <Attribute Name="Number">
        <Style>0</Style>
        <StyleMask>0</StyleMask>
        <Foreground>8388608</Foreground>
        <Background>536870911</Background>
        <FrameColor>536870911</FrameColor>
        <FrameStyle>0</FrameStyle>
        <FrameEdges>1</FrameEdges>
      </Attribute>
      <Attribute Name="Space">
        <Style>0</Style>
        <StyleMask>0</StyleMask>
        <Foreground>536870911</Foreground>
        <Background>536870911</Background>
        <FrameColor>536870911</FrameColor>
        <FrameStyle>0</FrameStyle>
        <FrameEdges>1</FrameEdges>
      </Attribute>
      <Attribute Name="Variable">
        <Style>0</Style>
        <StyleMask>0</StyleMask>
        <Foreground>32768</Foreground>
        <Background>536870911</Background>
        <FrameColor>536870911</FrameColor>
        <FrameStyle>0</FrameStyle>
        <FrameEdges>1</FrameEdges>
      </Attribute>
    </Highlighter>
    <Highlighter Tag="1" Name="ObjectPascal">
      <DefaultFilter>Pascal Files (*.pas,*.dpr,*.dpk,*.inc)|*.pas;*.dpr;*.dpk;*.inc</DefaultFilter>
      <Attribute Name="Assembler">
        <Style>0</Style>
        <StyleMask>0</StyleMask>
        <Foreground>32768</Foreground>
        <Background>536870911</Background>
        <FrameColor>536870911</FrameColor>
        <FrameStyle>0</FrameStyle>
        <FrameEdges>1</FrameEdges>
      </Attribute>
      <Attribute Name="Case label">
        <Style>0</Style>
        <StyleMask>0</StyleMask>
        <Foreground>536870911</Foreground>
        <Background>536870911</Background>
        <FrameColor>536870911</FrameColor>
        <FrameStyle>0</FrameStyle>
        <FrameEdges>1</FrameEdges>
      </Attribute>
      <Attribute Name="Comment">
        <Style>1</Style>
        <StyleMask>0</StyleMask>
        <Foreground>16711680</Foreground>
        <Background>536870911</Background>
        <FrameColor>536870911</FrameColor>
        <FrameStyle>0</FrameStyle>
        <FrameEdges>1</FrameEdges>
      </Attribute>
      <Attribute Name="Default text">
        <Style>0</Style>
        <StyleMask>0</StyleMask>
        <Foreground>-2147483640</Foreground>
        <Background>-2147483643</Background>
        <FrameColor>536870911</FrameColor>
        <FrameStyle>0</FrameStyle>
        <FrameEdges>1</FrameEdges>
      </Attribute>
      <Attribute Name="Directive">
        <Style>1</Style>
        <StyleMask>0</StyleMask>
        <Foreground>255</Foreground>
        <Background>536870911</Background>
        <FrameColor>536870911</FrameColor>
        <FrameStyle>0</FrameStyle>
        <FrameEdges>1</FrameEdges>
      </Attribute>
      <Attribute Name="IDE Directive">
        <Style>0</Style>
        <StyleMask>0</StyleMask>
        <Foreground>536870911</Foreground>
        <Background>536870911</Background>
        <FrameColor>536870911</FrameColor>
        <FrameStyle>0</FrameStyle>
        <FrameEdges>1</FrameEdges>
      </Attribute>
      <Attribute Name="Identifier">
        <Style>0</Style>
        <StyleMask>0</StyleMask>
        <Foreground>536870911</Foreground>
        <Background>536870911</Background>
        <FrameColor>536870911</FrameColor>
        <FrameStyle>0</FrameStyle>
        <FrameEdges>1</FrameEdges>
      </Attribute>
      <Attribute Name="Number">
        <Style>0</Style>
        <StyleMask>0</StyleMask>
        <Foreground>8388608</Foreground>
        <Background>536870911</Background>
        <FrameColor>536870911</FrameColor>
        <FrameStyle>0</FrameStyle>
        <FrameEdges>1</FrameEdges>
      </Attribute>
      <Attribute Name="Reserved word">
        <Style>1</Style>
        <StyleMask>0</StyleMask>
        <Foreground>536870911</Foreground>
        <Background>536870911</Background>
        <FrameColor>536870911</FrameColor>
        <FrameStyle>0</FrameStyle>
        <FrameEdges>1</FrameEdges>
      </Attribute>
      <Attribute Name="Space">
        <Style>0</Style>
        <StyleMask>0</StyleMask>
        <Foreground>536870911</Foreground>
        <Background>536870911</Background>
        <FrameColor>536870911</FrameColor>
        <FrameStyle>0</FrameStyle>
        <FrameEdges>1</FrameEdges>
      </Attribute>
      <Attribute Name="String">
        <Style>0</Style>
        <StyleMask>0</StyleMask>
        <Foreground>16711680</Foreground>
        <Background>536870911</Background>
        <FrameColor>536870911</FrameColor>
        <FrameStyle>0</FrameStyle>
        <FrameEdges>1</FrameEdges>
      </Attribute>
      <Attribute Name="Symbol">
        <Style>0</Style>
        <StyleMask>0</StyleMask>
        <Foreground>255</Foreground>
        <Background>536870911</Background>
        <FrameColor>536870911</FrameColor>
        <FrameStyle>0</FrameStyle>
        <FrameEdges>1</FrameEdges>
      </Attribute>
    </Highlighter>
    <Highlighter Tag="1" Name="PHP">
      <DefaultFilter>PHP Files (*.php,*.php3,*.phtml,*.inc)|*.php;*.php3;*.phtml;*.inc</DefaultFilter>
      <Attribute Name="Comment">
        <Style>1</Style>
        <StyleMask>0</StyleMask>
        <Foreground>16711680</Foreground>
        <Background>536870911</Background>
        <FrameColor>536870911</FrameColor>
        <FrameStyle>0</FrameStyle>
        <FrameEdges>1</FrameEdges>
      </Attribute>
      <Attribute Name="Default text">
        <Style>0</Style>
        <StyleMask>0</StyleMask>
        <Foreground>-2147483640</Foreground>
        <Background>-2147483643</Background>
        <FrameColor>536870911</FrameColor>
        <FrameStyle>0</FrameStyle>
        <FrameEdges>1</FrameEdges>
      </Attribute>
      <Attribute Name="Identifier">
        <Style>0</Style>
        <StyleMask>0</StyleMask>
        <Foreground>536870911</Foreground>
        <Background>536870911</Background>
        <FrameColor>536870911</FrameColor>
        <FrameStyle>0</FrameStyle>
        <FrameEdges>1</FrameEdges>
      </Attribute>
      <Attribute Name="Invalid symbol">
        <Style>0</Style>
        <StyleMask>0</StyleMask>
        <Foreground>536870911</Foreground>
        <Background>536870911</Background>
        <FrameColor>536870911</FrameColor>
        <FrameStyle>0</FrameStyle>
        <FrameEdges>1</FrameEdges>
      </Attribute>
      <Attribute Name="Number">
        <Style>0</Style>
        <StyleMask>0</StyleMask>
        <Foreground>8388608</Foreground>
        <Background>536870911</Background>
        <FrameColor>536870911</FrameColor>
        <FrameStyle>0</FrameStyle>
        <FrameEdges>1</FrameEdges>
      </Attribute>
      <Attribute Name="Reserved word">
        <Style>1</Style>
        <StyleMask>0</StyleMask>
        <Foreground>536870911</Foreground>
        <Background>536870911</Background>
        <FrameColor>536870911</FrameColor>
        <FrameStyle>0</FrameStyle>
        <FrameEdges>1</FrameEdges>
      </Attribute>
      <Attribute Name="Space">
        <Style>0</Style>
        <StyleMask>0</StyleMask>
        <Foreground>536870911</Foreground>
        <Background>536870911</Background>
        <FrameColor>536870911</FrameColor>
        <FrameStyle>0</FrameStyle>
        <FrameEdges>1</FrameEdges>
      </Attribute>
      <Attribute Name="String">
        <Style>0</Style>
        <StyleMask>0</StyleMask>
        <Foreground>16711680</Foreground>
        <Background>536870911</Background>
        <FrameColor>536870911</FrameColor>
        <FrameStyle>0</FrameStyle>
        <FrameEdges>1</FrameEdges>
      </Attribute>
      <Attribute Name="Symbol">
        <Style>0</Style>
        <StyleMask>0</StyleMask>
        <Foreground>255</Foreground>
        <Background>536870911</Background>
        <FrameColor>536870911</FrameColor>
        <FrameStyle>0</FrameStyle>
        <FrameEdges>1</FrameEdges>
      </Attribute>
      <Attribute Name="Variable">
        <Style>0</Style>
        <StyleMask>0</StyleMask>
        <Foreground>536870911</Foreground>
        <Background>536870911</Background>
        <FrameColor>536870911</FrameColor>
        <FrameStyle>0</FrameStyle>
        <FrameEdges>1</FrameEdges>
      </Attribute>
    </Highlighter>
    <Highlighter Tag="1" Name="Perl">
      <DefaultFilter>Perl Files (*.pl,*.pm,*.cgi)|*.pl;*.pm;*.cgi</DefaultFilter>
      <Attribute Name="Comment">
        <Style>1</Style>
        <StyleMask>0</StyleMask>
        <Foreground>16711680</Foreground>
        <Background>536870911</Background>
        <FrameColor>536870911</FrameColor>
        <FrameStyle>0</FrameStyle>
        <FrameEdges>1</FrameEdges>
      </Attribute>
      <Attribute Name="Default text">
        <Style>0</Style>
        <StyleMask>0</StyleMask>
        <Foreground>-2147483640</Foreground>
        <Background>-2147483643</Background>
        <FrameColor>536870911</FrameColor>
        <FrameStyle>0</FrameStyle>
        <FrameEdges>1</FrameEdges>
      </Attribute>
      <Attribute Name="Identifier">
        <Style>0</Style>
        <StyleMask>0</StyleMask>
        <Foreground>536870911</Foreground>
        <Background>536870911</Background>
        <FrameColor>536870911</FrameColor>
        <FrameStyle>0</FrameStyle>
        <FrameEdges>1</FrameEdges>
      </Attribute>
      <Attribute Name="Illegal char">
        <Style>0</Style>
        <StyleMask>0</StyleMask>
        <Foreground>536870911</Foreground>
        <Background>536870911</Background>
        <FrameColor>536870911</FrameColor>
        <FrameStyle>0</FrameStyle>
        <FrameEdges>1</FrameEdges>
      </Attribute>
      <Attribute Name="Number">
        <Style>0</Style>
        <StyleMask>0</StyleMask>
        <Foreground>8388608</Foreground>
        <Background>536870911</Background>
        <FrameColor>536870911</FrameColor>
        <FrameStyle>0</FrameStyle>
        <FrameEdges>1</FrameEdges>
      </Attribute>
      <Attribute Name="Operator">
        <Style>0</Style>
        <StyleMask>0</StyleMask>
        <Foreground>536870911</Foreground>
        <Background>536870911</Background>
        <FrameColor>536870911</FrameColor>
        <FrameStyle>0</FrameStyle>
        <FrameEdges>1</FrameEdges>
      </Attribute>
      <Attribute Name="Pragma">
        <Style>1</Style>
        <StyleMask>0</StyleMask>
        <Foreground>536870911</Foreground>
        <Background>536870911</Background>
        <FrameColor>536870911</FrameColor>
        <FrameStyle>0</FrameStyle>
        <FrameEdges>1</FrameEdges>
      </Attribute>
      <Attribute Name="Reserved word">
        <Style>1</Style>
        <StyleMask>0</StyleMask>
        <Foreground>536870911</Foreground>
        <Background>536870911</Background>
        <FrameColor>536870911</FrameColor>
        <FrameStyle>0</FrameStyle>
        <FrameEdges>1</FrameEdges>
      </Attribute>
      <Attribute Name="Space">
        <Style>0</Style>
        <StyleMask>0</StyleMask>
        <Foreground>536870911</Foreground>
        <Background>536870911</Background>
        <FrameColor>536870911</FrameColor>
        <FrameStyle>0</FrameStyle>
        <FrameEdges>1</FrameEdges>
      </Attribute>
      <Attribute Name="String">
        <Style>0</Style>
        <StyleMask>0</StyleMask>
        <Foreground>8388608</Foreground>
        <Background>536870911</Background>
        <FrameColor>536870911</FrameColor>
        <FrameStyle>0</FrameStyle>
        <FrameEdges>1</FrameEdges>
      </Attribute>
      <Attribute Name="Symbol">
        <Style>0</Style>
        <StyleMask>0</StyleMask>
        <Foreground>255</Foreground>
        <Background>536870911</Background>
        <FrameColor>536870911</FrameColor>
        <FrameStyle>0</FrameStyle>
        <FrameEdges>1</FrameEdges>
      </Attribute>
      <Attribute Name="Variable">
        <Style>1</Style>
        <StyleMask>0</StyleMask>
        <Foreground>536870911</Foreground>
        <Background>536870911</Background>
        <FrameColor>536870911</FrameColor>
        <FrameStyle>0</FrameStyle>
        <FrameEdges>1</FrameEdges>
      </Attribute>
    </Highlighter>
    <Highlighter Tag="1" Name="Python">
      <DefaultFilter>Python Files (*.py)|*.py</DefaultFilter>
      <Attribute Name="Comment">
        <Style>2</Style>
        <StyleMask>0</StyleMask>
        <Foreground>8421504</Foreground>
        <Background>536870911</Background>
        <FrameColor>536870911</FrameColor>
        <FrameStyle>0</FrameStyle>
        <FrameEdges>1</FrameEdges>
      </Attribute>
      <Attribute Name="Default text">
        <Style>0</Style>
        <StyleMask>0</StyleMask>
        <Foreground>-2147483640</Foreground>
        <Background>-2147483643</Background>
        <FrameColor>536870911</FrameColor>
        <FrameStyle>0</FrameStyle>
        <FrameEdges>1</FrameEdges>
      </Attribute>
      <Attribute Name="Documentation">
        <Style>0</Style>
        <StyleMask>0</StyleMask>
        <Foreground>8421376</Foreground>
        <Background>536870911</Background>
        <FrameColor>536870911</FrameColor>
        <FrameStyle>0</FrameStyle>
        <FrameEdges>1</FrameEdges>
      </Attribute>
      <Attribute Name="Float">
        <Style>0</Style>
        <StyleMask>0</StyleMask>
        <Foreground>16711680</Foreground>
        <Background>536870911</Background>
        <FrameColor>536870911</FrameColor>
        <FrameStyle>0</FrameStyle>
        <FrameEdges>1</FrameEdges>
      </Attribute>
      <Attribute Name="Hexadecimal">
        <Style>0</Style>
        <StyleMask>0</StyleMask>
        <Foreground>16711680</Foreground>
        <Background>536870911</Background>
        <FrameColor>536870911</FrameColor>
        <FrameStyle>0</FrameStyle>
        <FrameEdges>1</FrameEdges>
      </Attribute>
      <Attribute Name="Identifier">
        <Style>0</Style>
        <StyleMask>0</StyleMask>
        <Foreground>536870911</Foreground>
        <Background>536870911</Background>
        <FrameColor>536870911</FrameColor>
        <FrameStyle>0</FrameStyle>
        <FrameEdges>1</FrameEdges>
      </Attribute>
      <Attribute Name="Non-reserved keyword">
        <Style>1</Style>
        <StyleMask>0</StyleMask>
        <Foreground>8388608</Foreground>
        <Background>536870911</Background>
        <FrameColor>536870911</FrameColor>
        <FrameStyle>0</FrameStyle>
        <FrameEdges>1</FrameEdges>
      </Attribute>
      <Attribute Name="Number">
        <Style>0</Style>
        <StyleMask>0</StyleMask>
        <Foreground>16711680</Foreground>
        <Background>536870911</Background>
        <FrameColor>536870911</FrameColor>
        <FrameStyle>0</FrameStyle>
        <FrameEdges>1</FrameEdges>
      </Attribute>
      <Attribute Name="Octal">
        <Style>0</Style>
        <StyleMask>0</StyleMask>
        <Foreground>16711680</Foreground>
        <Background>536870911</Background>
        <FrameColor>536870911</FrameColor>
        <FrameStyle>0</FrameStyle>
        <FrameEdges>1</FrameEdges>
      </Attribute>
      <Attribute Name="Reserved word">
        <Style>1</Style>
        <StyleMask>0</StyleMask>
        <Foreground>536870911</Foreground>
        <Background>536870911</Background>
        <FrameColor>536870911</FrameColor>
        <FrameStyle>0</FrameStyle>
        <FrameEdges>1</FrameEdges>
      </Attribute>
      <Attribute Name="Space">
        <Style>0</Style>
        <StyleMask>0</StyleMask>
        <Foreground>536870911</Foreground>
        <Background>536870911</Background>
        <FrameColor>536870911</FrameColor>
        <FrameStyle>0</FrameStyle>
        <FrameEdges>1</FrameEdges>
      </Attribute>
      <Attribute Name="String">
        <Style>0</Style>
        <StyleMask>0</StyleMask>
        <Foreground>16711680</Foreground>
        <Background>536870911</Background>
        <FrameColor>536870911</FrameColor>
        <FrameStyle>0</FrameStyle>
        <FrameEdges>1</FrameEdges>
      </Attribute>
      <Attribute Name="Symbol">
        <Style>0</Style>
        <StyleMask>0</StyleMask>
        <Foreground>536870911</Foreground>
        <Background>536870911</Background>
        <FrameColor>536870911</FrameColor>
        <FrameStyle>0</FrameStyle>
        <FrameEdges>1</FrameEdges>
      </Attribute>
      <Attribute Name="SyntaxError">
        <Style>0</Style>
        <StyleMask>0</StyleMask>
        <Foreground>255</Foreground>
        <Background>536870911</Background>
        <FrameColor>536870911</FrameColor>
        <FrameStyle>0</FrameStyle>
        <FrameEdges>1</FrameEdges>
      </Attribute>
      <Attribute Name="System functions and variables">
        <Style>1</Style>
        <StyleMask>0</StyleMask>
        <Foreground>536870911</Foreground>
        <Background>536870911</Background>
        <FrameColor>536870911</FrameColor>
        <FrameStyle>0</FrameStyle>
        <FrameEdges>1</FrameEdges>
      </Attribute>
    </Highlighter>
    <Highlighter Tag="1" Name="SQL">
      <DefaultFilter>SQL Files (*.sql)|*.sql</DefaultFilter>
      <Attribute Name="Comment">
        <Style>1</Style>
        <StyleMask>0</StyleMask>
        <Foreground>16711680</Foreground>
        <Background>536870911</Background>
        <FrameColor>536870911</FrameColor>
        <FrameStyle>0</FrameStyle>
        <FrameEdges>1</FrameEdges>
      </Attribute>
      <Attribute Name="Data type">
        <Style>1</Style>
        <StyleMask>0</StyleMask>
        <Foreground>536870911</Foreground>
        <Background>536870911</Background>
        <FrameColor>536870911</FrameColor>
        <FrameStyle>0</FrameStyle>
        <FrameEdges>1</FrameEdges>
      </Attribute>
      <Attribute Name="Default packages">
        <Style>1</Style>
        <StyleMask>0</StyleMask>
        <Foreground>536870911</Foreground>
        <Background>536870911</Background>
        <FrameColor>536870911</FrameColor>
        <FrameStyle>0</FrameStyle>
        <FrameEdges>1</FrameEdges>
      </Attribute>
      <Attribute Name="Default text">
        <Style>0</Style>
        <StyleMask>0</StyleMask>
        <Foreground>-2147483640</Foreground>
        <Background>-2147483643</Background>
        <FrameColor>536870911</FrameColor>
        <FrameStyle>0</FrameStyle>
        <FrameEdges>1</FrameEdges>
      </Attribute>
      <Attribute Name="Exception">
        <Style>2</Style>
        <StyleMask>0</StyleMask>
        <Foreground>536870911</Foreground>
        <Background>536870911</Background>
        <FrameColor>536870911</FrameColor>
        <FrameStyle>0</FrameStyle>
        <FrameEdges>1</FrameEdges>
      </Attribute>
      <Attribute Name="Function">
        <Style>1</Style>
        <StyleMask>0</StyleMask>
        <Foreground>536870911</Foreground>
        <Background>536870911</Background>
        <FrameColor>536870911</FrameColor>
        <FrameStyle>0</FrameStyle>
        <FrameEdges>1</FrameEdges>
      </Attribute>
      <Attribute Name="Identifier">
        <Style>0</Style>
        <StyleMask>0</StyleMask>
        <Foreground>536870911</Foreground>
        <Background>536870911</Background>
        <FrameColor>536870911</FrameColor>
        <FrameStyle>0</FrameStyle>
        <FrameEdges>1</FrameEdges>
      </Attribute>
      <Attribute Name="Number">
        <Style>0</Style>
        <StyleMask>0</StyleMask>
        <Foreground>8388608</Foreground>
        <Background>536870911</Background>
        <FrameColor>536870911</FrameColor>
        <FrameStyle>0</FrameStyle>
        <FrameEdges>1</FrameEdges>
      </Attribute>
      <Attribute Name="Reserved word">
        <Style>1</Style>
        <StyleMask>0</StyleMask>
        <Foreground>536870911</Foreground>
        <Background>536870911</Background>
        <FrameColor>536870911</FrameColor>
        <FrameStyle>0</FrameStyle>
        <FrameEdges>1</FrameEdges>
      </Attribute>
      <Attribute Name="Reserved word (PL/SQL)">
        <Style>1</Style>
        <StyleMask>0</StyleMask>
        <Foreground>536870911</Foreground>
        <Background>536870911</Background>
        <FrameColor>536870911</FrameColor>
        <FrameStyle>0</FrameStyle>
        <FrameEdges>1</FrameEdges>
      </Attribute>
      <Attribute Name="Space">
        <Style>0</Style>
        <StyleMask>0</StyleMask>
        <Foreground>536870911</Foreground>
        <Background>536870911</Background>
        <FrameColor>536870911</FrameColor>
        <FrameStyle>0</FrameStyle>
        <FrameEdges>1</FrameEdges>
      </Attribute>
      <Attribute Name="SQL*Plus command">
        <Style>1</Style>
        <StyleMask>0</StyleMask>
        <Foreground>536870911</Foreground>
        <Background>536870911</Background>
        <FrameColor>536870911</FrameColor>
        <FrameStyle>0</FrameStyle>
        <FrameEdges>1</FrameEdges>
      </Attribute>
      <Attribute Name="String">
        <Style>0</Style>
        <StyleMask>0</StyleMask>
        <Foreground>16711680</Foreground>
        <Background>536870911</Background>
        <FrameColor>536870911</FrameColor>
        <FrameStyle>0</FrameStyle>
        <FrameEdges>1</FrameEdges>
      </Attribute>
      <Attribute Name="Symbol">
        <Style>0</Style>
        <StyleMask>0</StyleMask>
        <Foreground>255</Foreground>
        <Background>536870911</Background>
        <FrameColor>536870911</FrameColor>
        <FrameStyle>0</FrameStyle>
        <FrameEdges>1</FrameEdges>
      </Attribute>
      <Attribute Name="Table Name">
        <Style>0</Style>
        <StyleMask>0</StyleMask>
        <Foreground>536870911</Foreground>
        <Background>536870911</Background>
        <FrameColor>536870911</FrameColor>
        <FrameStyle>0</FrameStyle>
        <FrameEdges>1</FrameEdges>
      </Attribute>
      <Attribute Name="Variable">
        <Style>0</Style>
        <StyleMask>0</StyleMask>
        <Foreground>536870911</Foreground>
        <Background>536870911</Background>
        <FrameColor>536870911</FrameColor>
        <FrameStyle>0</FrameStyle>
        <FrameEdges>1</FrameEdges>
      </Attribute>
    </Highlighter>
    <Highlighter Tag="1" Name="TeX">
      <DefaultFilter>TeX Files (*.tex)|*.tex</DefaultFilter>
      <Attribute Name="Comment">
        <Style>0</Style>
        <StyleMask>0</StyleMask>
        <Foreground>8421376</Foreground>
        <Background>536870911</Background>
        <FrameColor>536870911</FrameColor>
        <FrameStyle>0</FrameStyle>
        <FrameEdges>1</FrameEdges>
      </Attribute>
      <Attribute Name="Default text">
        <Style>0</Style>
        <StyleMask>0</StyleMask>
        <Foreground>-2147483640</Foreground>
        <Background>-2147483643</Background>
        <FrameColor>536870911</FrameColor>
        <FrameStyle>0</FrameStyle>
        <FrameEdges>1</FrameEdges>
      </Attribute>
      <Attribute Name="Math Mode">
        <Style>1</Style>
        <StyleMask>0</StyleMask>
        <Foreground>32896</Foreground>
        <Background>536870911</Background>
        <FrameColor>536870911</FrameColor>
        <FrameStyle>0</FrameStyle>
        <FrameEdges>1</FrameEdges>
      </Attribute>
      <Attribute Name="Round Bracket">
        <Style>1</Style>
        <StyleMask>0</StyleMask>
        <Foreground>255</Foreground>
        <Background>536870911</Background>
        <FrameColor>536870911</FrameColor>
        <FrameStyle>0</FrameStyle>
        <FrameEdges>1</FrameEdges>
      </Attribute>
      <Attribute Name="Space">
        <Style>0</Style>
        <StyleMask>0</StyleMask>
        <Foreground>536870911</Foreground>
        <Background>16777215</Background>
        <FrameColor>536870911</FrameColor>
        <FrameStyle>0</FrameStyle>
        <FrameEdges>1</FrameEdges>
      </Attribute>
      <Attribute Name="Square Bracket">
        <Style>0</Style>
        <StyleMask>0</StyleMask>
        <Foreground>8388736</Foreground>
        <Background>536870911</Background>
        <FrameColor>536870911</FrameColor>
        <FrameStyle>0</FrameStyle>
        <FrameEdges>1</FrameEdges>
      </Attribute>
      <Attribute Name="TeX Command">
        <Style>1</Style>
        <StyleMask>0</StyleMask>
        <Foreground>16711680</Foreground>
        <Background>16777215</Background>
        <FrameColor>536870911</FrameColor>
        <FrameStyle>0</FrameStyle>
        <FrameEdges>1</FrameEdges>
      </Attribute>
      <Attribute Name="Text">
        <Style>0</Style>
        <StyleMask>0</StyleMask>
        <Foreground>0</Foreground>
        <Background>536870911</Background>
        <FrameColor>536870911</FrameColor>
        <FrameStyle>0</FrameStyle>
        <FrameEdges>1</FrameEdges>
      </Attribute>
    </Highlighter>
    <Highlighter Tag="1" Name="UNIX Shell Script">
      <DefaultFilter>UNIX Shell Scripts (*.sh)|*.sh</DefaultFilter>
      <Attribute Name="Comment">
        <Style>0</Style>
        <StyleMask>0</StyleMask>
        <Foreground>32768</Foreground>
        <Background>536870911</Background>
        <FrameColor>536870911</FrameColor>
        <FrameStyle>0</FrameStyle>
        <FrameEdges>1</FrameEdges>
      </Attribute>
      <Attribute Name="Default text">
        <Style>0</Style>
        <StyleMask>0</StyleMask>
        <Foreground>-2147483640</Foreground>
        <Background>-2147483643</Background>
        <FrameColor>536870911</FrameColor>
        <FrameStyle>0</FrameStyle>
        <FrameEdges>1</FrameEdges>
      </Attribute>
      <Attribute Name="Identifier">
        <Style>0</Style>
        <StyleMask>0</StyleMask>
        <Foreground>536870911</Foreground>
        <Background>536870911</Background>
        <FrameColor>536870911</FrameColor>
        <FrameStyle>0</FrameStyle>
        <FrameEdges>1</FrameEdges>
      </Attribute>
      <Attribute Name="Number">
        <Style>0</Style>
        <StyleMask>0</StyleMask>
        <Foreground>16711680</Foreground>
        <Background>536870911</Background>
        <FrameColor>536870911</FrameColor>
        <FrameStyle>0</FrameStyle>
        <FrameEdges>1</FrameEdges>
      </Attribute>
      <Attribute Name="Reserved word">
        <Style>1</Style>
        <StyleMask>0</StyleMask>
        <Foreground>8388608</Foreground>
        <Background>536870911</Background>
        <FrameColor>536870911</FrameColor>
        <FrameStyle>0</FrameStyle>
        <FrameEdges>1</FrameEdges>
      </Attribute>
      <Attribute Name="Second reserved word">
        <Style>0</Style>
        <StyleMask>0</StyleMask>
        <Foreground>536870911</Foreground>
        <Background>536870911</Background>
        <FrameColor>536870911</FrameColor>
        <FrameStyle>0</FrameStyle>
        <FrameEdges>1</FrameEdges>
      </Attribute>
      <Attribute Name="Space">
        <Style>0</Style>
        <StyleMask>0</StyleMask>
        <Foreground>536870911</Foreground>
        <Background>536870911</Background>
        <FrameColor>536870911</FrameColor>
        <FrameStyle>0</FrameStyle>
        <FrameEdges>1</FrameEdges>
      </Attribute>
      <Attribute Name="String">
        <Style>0</Style>
        <StyleMask>0</StyleMask>
        <Foreground>128</Foreground>
        <Background>536870911</Background>
        <FrameColor>536870911</FrameColor>
        <FrameStyle>0</FrameStyle>
        <FrameEdges>1</FrameEdges>
      </Attribute>
      <Attribute Name="Symbol">
        <Style>0</Style>
        <StyleMask>0</StyleMask>
        <Foreground>255</Foreground>
        <Background>536870911</Background>
        <FrameColor>536870911</FrameColor>
        <FrameStyle>0</FrameStyle>
        <FrameEdges>1</FrameEdges>
      </Attribute>
      <Attribute Name="Variable">
        <Style>0</Style>
        <StyleMask>0</StyleMask>
        <Foreground>8388736</Foreground>
        <Background>536870911</Background>
        <FrameColor>536870911</FrameColor>
        <FrameStyle>0</FrameStyle>
        <FrameEdges>1</FrameEdges>
      </Attribute>
    </Highlighter>
    <Highlighter Tag="1" Name="Visual Basic">
      <DefaultFilter>Visual Basic Files (*.bas)|*.bas</DefaultFilter>
      <Attribute Name="Comment">
        <Style>1</Style>
        <StyleMask>0</StyleMask>
        <Foreground>16711680</Foreground>
        <Background>536870911</Background>
        <FrameColor>536870911</FrameColor>
        <FrameStyle>0</FrameStyle>
        <FrameEdges>1</FrameEdges>
      </Attribute>
      <Attribute Name="Default text">
        <Style>0</Style>
        <StyleMask>0</StyleMask>
        <Foreground>-2147483640</Foreground>
        <Background>-2147483643</Background>
        <FrameColor>536870911</FrameColor>
        <FrameStyle>0</FrameStyle>
        <FrameEdges>1</FrameEdges>
      </Attribute>
      <Attribute Name="Identifier">
        <Style>0</Style>
        <StyleMask>0</StyleMask>
        <Foreground>536870911</Foreground>
        <Background>536870911</Background>
        <FrameColor>536870911</FrameColor>
        <FrameStyle>0</FrameStyle>
        <FrameEdges>1</FrameEdges>
      </Attribute>
      <Attribute Name="Number">
        <Style>0</Style>
        <StyleMask>0</StyleMask>
        <Foreground>8388608</Foreground>
        <Background>536870911</Background>
        <FrameColor>536870911</FrameColor>
        <FrameStyle>0</FrameStyle>
        <FrameEdges>1</FrameEdges>
      </Attribute>
      <Attribute Name="Reserved word">
        <Style>1</Style>
        <StyleMask>0</StyleMask>
        <Foreground>536870911</Foreground>
        <Background>536870911</Background>
        <FrameColor>536870911</FrameColor>
        <FrameStyle>0</FrameStyle>
        <FrameEdges>1</FrameEdges>
      </Attribute>
      <Attribute Name="Space">
        <Style>0</Style>
        <StyleMask>0</StyleMask>
        <Foreground>536870911</Foreground>
        <Background>536870911</Background>
        <FrameColor>536870911</FrameColor>
        <FrameStyle>0</FrameStyle>
        <FrameEdges>1</FrameEdges>
      </Attribute>
      <Attribute Name="String">
        <Style>0</Style>
        <StyleMask>0</StyleMask>
        <Foreground>16711680</Foreground>
        <Background>536870911</Background>
        <FrameColor>536870911</FrameColor>
        <FrameStyle>0</FrameStyle>
        <FrameEdges>1</FrameEdges>
      </Attribute>
      <Attribute Name="Symbol">
        <Style>0</Style>
        <StyleMask>0</StyleMask>
        <Foreground>255</Foreground>
        <Background>536870911</Background>
        <FrameColor>536870911</FrameColor>
        <FrameStyle>0</FrameStyle>
        <FrameEdges>1</FrameEdges>
      </Attribute>
    </Highlighter>
    <Highlighter Tag="1" Name="XML document">
      <DefaultFilter>XML Document (*.xml,*.xsd,*.xsl,*.xslt,*.dtd)|*.xml;*.xsd;*.xsl;*.xslt;*.dtd</DefaultFilter>
      <Attribute Name="Attribute Name">
        <Style>0</Style>
        <StyleMask>0</StyleMask>
        <Foreground>128</Foreground>
        <Background>536870911</Background>
        <FrameColor>536870911</FrameColor>
        <FrameStyle>0</FrameStyle>
        <FrameEdges>1</FrameEdges>
      </Attribute>
      <Attribute Name="Attribute Value">
        <Style>1</Style>
        <StyleMask>0</StyleMask>
        <Foreground>8388608</Foreground>
        <Background>536870911</Background>
        <FrameColor>536870911</FrameColor>
        <FrameStyle>0</FrameStyle>
        <FrameEdges>1</FrameEdges>
      </Attribute>
      <Attribute Name="CDATA Section">
        <Style>2</Style>
        <StyleMask>0</StyleMask>
        <Foreground>32896</Foreground>
        <Background>536870911</Background>
        <FrameColor>536870911</FrameColor>
        <FrameStyle>0</FrameStyle>
        <FrameEdges>1</FrameEdges>
      </Attribute>
      <Attribute Name="Comment">
        <Style>3</Style>
        <StyleMask>0</StyleMask>
        <Foreground>8421504</Foreground>
        <Background>12632256</Background>
        <FrameColor>536870911</FrameColor>
        <FrameStyle>0</FrameStyle>
        <FrameEdges>1</FrameEdges>
      </Attribute>
      <Attribute Name="Default text">
        <Style>0</Style>
        <StyleMask>0</StyleMask>
        <Foreground>-2147483640</Foreground>
        <Background>-2147483643</Background>
        <FrameColor>536870911</FrameColor>
        <FrameStyle>0</FrameStyle>
        <FrameEdges>1</FrameEdges>
      </Attribute>
      <Attribute Name="DOCTYPE Section">
        <Style>2</Style>
        <StyleMask>0</StyleMask>
        <Foreground>16711680</Foreground>
        <Background>536870911</Background>
        <FrameColor>536870911</FrameColor>
        <FrameStyle>0</FrameStyle>
        <FrameEdges>1</FrameEdges>
      </Attribute>
      <Attribute Name="Element Name">
        <Style>1</Style>
        <StyleMask>0</StyleMask>
        <Foreground>128</Foreground>
        <Background>536870911</Background>
        <FrameColor>536870911</FrameColor>
        <FrameStyle>0</FrameStyle>
        <FrameEdges>1</FrameEdges>
      </Attribute>
      <Attribute Name="Entity Reference">
        <Style>1</Style>
        <StyleMask>0</StyleMask>
        <Foreground>16711680</Foreground>
        <Background>536870911</Background>
        <FrameColor>536870911</FrameColor>
        <FrameStyle>0</FrameStyle>
        <FrameEdges>1</FrameEdges>
      </Attribute>
      <Attribute Name="Namespace Attribute Name">
        <Style>0</Style>
        <StyleMask>0</StyleMask>
        <Foreground>255</Foreground>
        <Background>536870911</Background>
        <FrameColor>536870911</FrameColor>
        <FrameStyle>0</FrameStyle>
        <FrameEdges>1</FrameEdges>
      </Attribute>
      <Attribute Name="Namespace Attribute Value">
        <Style>1</Style>
        <StyleMask>0</StyleMask>
        <Foreground>255</Foreground>
        <Background>536870911</Background>
        <FrameColor>536870911</FrameColor>
        <FrameStyle>0</FrameStyle>
        <FrameEdges>1</FrameEdges>
      </Attribute>
      <Attribute Name="Processing Instruction">
        <Style>0</Style>
        <StyleMask>0</StyleMask>
        <Foreground>16711680</Foreground>
        <Background>536870911</Background>
        <FrameColor>536870911</FrameColor>
        <FrameStyle>0</FrameStyle>
        <FrameEdges>1</FrameEdges>
      </Attribute>
      <Attribute Name="Symbol">
        <Style>0</Style>
        <StyleMask>0</StyleMask>
        <Foreground>16711680</Foreground>
        <Background>536870911</Background>
        <FrameColor>536870911</FrameColor>
        <FrameStyle>0</FrameStyle>
        <FrameEdges>1</FrameEdges>
      </Attribute>
      <Attribute Name="Text">
        <Style>1</Style>
        <StyleMask>0</StyleMask>
        <Foreground>0</Foreground>
        <Background>536870911</Background>
        <FrameColor>536870911</FrameColor>
        <FrameStyle>0</FrameStyle>
        <FrameEdges>1</FrameEdges>
      </Attribute>
      <Attribute Name="Whitespace">
        <Style>0</Style>
        <StyleMask>0</StyleMask>
        <Foreground>536870911</Foreground>
        <Background>536870911</Background>
        <FrameColor>536870911</FrameColor>
        <FrameStyle>0</FrameStyle>
        <FrameEdges>1</FrameEdges>
      </Attribute>
    </Highlighter>
    <Highlighter Tag="1" Name="po language files">
      <DefaultFilter>Po Files (*.po)|*.po</DefaultFilter>
      <Attribute Name="Comment">
        <Style>2</Style>
        <StyleMask>0</StyleMask>
        <Foreground>32768</Foreground>
        <Background>536870911</Background>
        <FrameColor>536870911</FrameColor>
        <FrameStyle>0</FrameStyle>
        <FrameEdges>1</FrameEdges>
      </Attribute>
      <Attribute Name="Default text">
        <Style>0</Style>
        <StyleMask>0</StyleMask>
        <Foreground>-2147483640</Foreground>
        <Background>-2147483643</Background>
        <FrameColor>536870911</FrameColor>
        <FrameStyle>0</FrameStyle>
        <FrameEdges>1</FrameEdges>
      </Attribute>
      <Attribute Name="Flags">
        <Style>0</Style>
        <StyleMask>0</StyleMask>
        <Foreground>8421376</Foreground>
        <Background>536870911</Background>
        <FrameColor>536870911</FrameColor>
        <FrameStyle>0</FrameStyle>
        <FrameEdges>1</FrameEdges>
      </Attribute>
      <Attribute Name="Identifier">
        <Style>1</Style>
        <StyleMask>0</StyleMask>
        <Foreground>32768</Foreground>
        <Background>536870911</Background>
        <FrameColor>536870911</FrameColor>
        <FrameStyle>0</FrameStyle>
        <FrameEdges>1</FrameEdges>
      </Attribute>
      <Attribute Name="Key">
        <Style>1</Style>
        <StyleMask>0</StyleMask>
        <Foreground>16711680</Foreground>
        <Background>536870911</Background>
        <FrameColor>536870911</FrameColor>
        <FrameStyle>0</FrameStyle>
        <FrameEdges>1</FrameEdges>
      </Attribute>
      <Attribute Name="Previous value">
        <Style>2</Style>
        <StyleMask>0</StyleMask>
        <Foreground>32896</Foreground>
        <Background>536870911</Background>
        <FrameColor>536870911</FrameColor>
        <FrameStyle>0</FrameStyle>
        <FrameEdges>1</FrameEdges>
      </Attribute>
      <Attribute Name="Space">
        <Style>0</Style>
        <StyleMask>0</StyleMask>
        <Foreground>536870911</Foreground>
        <Background>536870911</Background>
        <FrameColor>536870911</FrameColor>
        <FrameStyle>0</FrameStyle>
        <FrameEdges>1</FrameEdges>
      </Attribute>
      <Attribute Name="String">
        <Style>0</Style>
        <StyleMask>0</StyleMask>
        <Foreground>16711935</Foreground>
        <Background>536870911</Background>
        <FrameColor>536870911</FrameColor>
        <FrameStyle>0</FrameStyle>
        <FrameEdges>1</FrameEdges>
      </Attribute>
      <Attribute Name="Text">
        <Style>0</Style>
        <StyleMask>0</StyleMask>
        <Foreground>536870911</Foreground>
        <Background>536870911</Background>
        <FrameColor>536870911</FrameColor>
        <FrameStyle>0</FrameStyle>
        <FrameEdges>1</FrameEdges>
      </Attribute>
    </Highlighter>
  </Highlighters>
</doublecmd>
