<?xml version="1.0" encoding="UTF-8"?>
<doublecmd>
  <History>
    <Navigation>
      <Item>/home/colab/Downloads/</Item>
      <Item>/home/colab/.config/</Item>
      <Item>/home/colab/.config/doublecmd/</Item>
      <Item>/home/colab/</Item>
      <Item>/home/colab/.local/</Item>
      <Item>/home/colab/.local/share/</Item>
      <Item>/home/colab/.mozilla/</Item>
      <Item>/home/colab/.mozilla/firefox/</Item>
      <Item>/home/colab/.mozilla/firefox/hnqxg658.default-release/</Item>
      <Item>/home/colab/.mozilla/firefox/hnqxg658.default-release/storage/</Item>
      <Item>/home/colab/.mozilla/firefox/hnqxg658.default-release/storage/default/</Item>
      <Item>/home/colab/.mozilla/firefox/hnqxg658.default-release/storage/default/https+++studio.youtube.com/</Item>
      <Item>/home/colab/.mozilla/firefox/hnqxg658.default-release/storage/default/https+++studio.youtube.com/idb/</Item>
      <Item>/home/colab/.mozilla/firefox/hnqxg658.default-release/storage/default/https+++studio.youtube.com/idb/2182124985UepslaobaadtsaD.files/</Item>
      <Item>/home/colab/.java/</Item>
      <Item>/home/colab/.gvfs/</Item>
      <Item>/home/</Item>
    </Navigation>
    <CommandLine/>
    <FileMask/>
    <SearchText/>
    <SearchTextPath/>
    <ReplaceText/>
    <ReplaceTextPath/>
    <SearchDirectories/>
    <SearchExcludeFiles/>
    <SearchExcludeDirectories/>
  </History>
</doublecmd>
